0,13,-76,-48,0,1,100,0,60,513,47,41,0,-10,-82,0,1,100,0,355,0,73,91,0,-30,-52,0,0,100,0,141,23,29,26,0,-16,-72,0,0,100,0,68,0,35,34,0,2,-50,0,0,100,0,175,0,25,18,0,-33,-43,0,0,100,0,101,113,85,33,0,-20,-53,0,0,100,0,105,39,37,35,0,3,-64,0,0,100,0,74,148,26,28,0,-19,-42,0,0,100,0,200,0,37,35,0,-31,-74,0,1,60,0,0,0,69,68,0,-23,-82,0,0,100,0,448,144,64,48,0,-41,-32,1,1,100,0,272,36,82,49,0,-26,-9,0,0,80,0,0,110,54,18,0,
0,16,-62,-63,0,1,100,0,106,514,37,67,0,-10,-61,0,1,100,0,355,90,73,68,0,-31,-40,0,1,50,0,102,180,83,35,0,-30,-50,0,0,100,0,141,23,29,26,0,-16,-69,0,0,100,0,68,35,35,34,0,2,-48,0,0,100,0,175,0,25,18,0,-33,-41,0,0,100,0,101,113,85,33,0,-20,-51,0,0,100,0,105,0,37,35,0,1,-63,0,1,50,0,71,179,31,35,0,3,-62,0,0,100,0,74,148,26,28,0,-19,-41,0,0,50,0,239,0,37,35,0,-19,-41,0,0,100,0,200,0,37,35,0,-31,-73,0,1,100,0,0,0,69,68,0,-22,-81,0,0,100,0,448,192,64,48,0,-41,-32,1,1,100,0,272,84,82,49,0,-26,-9,0,0,100,0,0,110,54,18,0,
0,15,-62,-64,0,1,100,0,146,512,49,74,0,-10,-60,0,1,100,0,355,159,73,64,0,-30,-38,0,1,100,0,102,180,83,35,0,-29,-48,0,0,100,0,141,23,29,26,0,-15,-67,0,0,100,0,68,0,35,34,0,3,-46,0,0,100,0,175,0,25,18,0,-32,-39,0,0,100,0,101,113,85,33,0,-19,-49,0,0,100,0,105,39,37,35,0,2,-61,0,1,100,0,71,179,31,35,0,4,-60,0,0,100,0,74,148,26,28,0,-19,-40,0,0,100,0,239,0,37,35,0,-31,-72,0,1,60,0,0,0,69,68,0,-21,-80,0,0,100,0,448,240,64,48,0,-41,-31,1,1,100,0,272,135,82,47,0,-26,-9,0,0,80,0,0,110,54,18,0,
0,16,-69,-62,0,1,100,0,197,512,58,75,0,-10,-78,0,1,100,0,355,225,73,80,0,-29,-36,0,1,50,0,102,180,83,35,0,-28,-46,0,0,100,0,141,23,29,26,0,-14,-65,0,0,100,0,68,35,35,34,0,4,-44,0,0,100,0,175,0,25,18,0,-31,-37,0,0,100,0,101,146,85,33,0,-18,-47,0,0,100,0,105,0,37,35,0,3,-59,0,1,50,0,71,179,31,35,0,5,-58,0,0,100,0,74,115,26,28,0,-19,-37,0,0,50,0,239,0,37,35,0,-19,-37,0,0,100,0,277,0,37,35,0,-31,-71,0,1,100,0,0,0,69,68,0,-20,-79,0,0,100,0,448,240,64,48,0,-41,-26,1,1,100,0,272,183,82,41,0,-26,-9,0,0,100,0,0,110,54,18,0,
0,13,-70,-58,0,1,100,0,257,513,60,75,0,-4,-80,0,1,100,0,378,305,61,80,0,-28,-43,0,0,100,0,141,23,29,26,0,-14,-62,0,0,100,0,68,0,35,34,0,4,-41,0,0,100,0,175,0,25,18,0,-31,-34,0,0,100,0,101,146,85,33,0,-18,-44,0,0,100,0,105,39,37,35,0,5,-55,0,0,100,0,74,115,26,28,0,-19,-35,0,0,100,0,277,0,37,35,0,-31,-69,0,1,60,0,0,0,69,68,0,-19,-77,0,0,100,0,448,192,64,48,0,-41,-26,1,1,100,0,272,228,82,41,0,-26,-9,0,0,80,0,0,110,54,18,0,
0,13,-72,-59,0,1,100,0,0,515,57,78,0,-11,-80,0,1,100,0,444,305,68,86,0,-28,-42,0,0,100,0,141,23,29,26,0,-14,-61,0,0,100,0,68,35,35,34,0,4,-40,0,0,100,0,175,0,25,18,0,-31,-33,0,0,100,0,101,146,85,33,0,-18,-43,0,0,100,0,105,0,37,35,0,5,-54,0,0,100,0,74,115,26,28,0,-19,-35,0,0,100,0,277,0,37,35,0,-31,-69,0,1,100,0,0,0,69,68,0,-19,-77,0,0,100,0,448,144,64,48,0,-41,-30,1,1,100,0,186,76,83,45,0,-26,-9,0,0,100,0,0,110,54,18,0,
0,13,-74,-37,0,1,100,0,60,513,47,41,0,-10,-82,0,1,100,0,355,0,73,91,0,-28,-42,0,0,100,0,141,23,29,26,0,-14,-62,0,0,100,0,68,0,35,34,0,4,-40,0,0,100,0,175,0,25,18,0,-31,-32,0,0,100,0,101,146,85,33,0,-18,-44,0,0,100,0,105,39,37,35,0,5,-53,0,0,100,0,74,115,26,28,0,-19,-35,0,0,100,0,277,0,37,35,0,-31,-69,0,1,60,0,0,0,69,68,0,-18,-77,0,0,100,0,448,144,64,48,0,-41,-32,1,1,100,0,272,36,82,49,0,-26,-9,0,0,80,0,0,110,54,18,0,
0,16,-60,-54,0,1,100,0,106,514,37,67,0,-10,-61,0,1,100,0,355,90,73,68,0,-29,-35,0,1,50,90,0,164,41,83,0,-28,-43,0,0,100,0,141,23,29,26,0,-14,-64,0,0,100,0,68,35,35,34,0,4,-41,0,0,100,0,175,0,25,18,0,-31,-32,0,0,100,0,101,146,85,33,0,-18,-46,0,0,100,0,105,0,37,35,0,-2,-59,0,1,50,90,0,128,42,35,0,5,-53,0,0,100,0,74,115,26,28,0,-19,-36,0,0,50,0,239,0,37,35,0,-19,-36,0,0,100,0,277,0,37,35,0,-31,-70,0,1,100,0,0,0,69,68,0,-18,-78,0,0,100,0,448,192,64,48,0,-41,-32,1,1,100,0,272,84,82,49,0,-26,-9,0,0,100,0,0,110,54,18,0,
0,15,-62,-60,0,1,100,0,146,512,49,74,0,-10,-60,0,1,100,0,355,159,73,64,0,-30,-38,0,1,100,90,0,164,41,83,0,-29,-45,0,0,100,0,141,23,29,26,0,-15,-67,0,0,100,0,68,0,35,34,0,3,-43,0,0,100,0,175,0,25,18,0,-32,-35,0,0,100,0,101,146,85,33,0,-19,-48,0,0,100,0,105,39,37,35,0,-3,-62,0,1,100,90,0,128,42,35,0,4,-56,0,0,100,0,74,115,26,28,0,-19,-38,0,0,100,0,239,0,37,35,0,-31,-71,0,1,60,0,0,0,69,68,0,-19,-79,0,0,100,0,448,240,64,48,0,-41,-31,1,1,100,0,272,135,82,47,0,-26,-9,0,0,80,0,0,110,54,18,0,
0,16,-69,-62,0,1,100,0,197,512,58,75,0,-10,-78,0,1,100,0,355,225,73,80,0,-31,-41,0,1,20,90,0,164,41,83,0,-30,-47,0,0,100,0,141,23,29,26,0,-17,-69,0,0,100,0,68,35,35,34,0,2,-45,0,0,100,0,175,0,25,18,0,-33,-38,0,0,100,0,101,113,85,33,0,-20,-50,0,0,100,0,105,0,37,35,0,-4,-65,0,1,20,90,0,128,42,35,0,3,-59,0,0,100,0,74,148,26,28,0,-19,-40,0,0,50,0,239,0,37,35,0,-19,-40,0,0,100,0,200,0,37,35,0,-31,-72,0,1,100,0,0,0,69,68,0,-20,-80,0,0,100,0,448,240,64,48,0,-41,-26,1,1,100,0,272,183,82,41,0,-26,-9,0,0,100,0,0,110,54,18,0,
0,13,-72,-64,0,1,100,0,257,513,60,75,0,-4,-80,0,1,100,0,378,305,61,80,0,-30,-49,0,0,100,0,141,23,29,26,0,-17,-71,0,0,100,0,68,0,35,34,0,2,-47,0,0,100,0,175,0,25,18,0,-33,-40,0,0,100,0,101,113,85,33,0,-20,-52,0,0,100,0,105,39,37,35,0,3,-61,0,0,100,0,74,148,26,28,0,-19,-41,0,0,100,0,200,0,37,35,0,-31,-73,0,1,60,0,0,0,69,68,0,-21,-81,0,0,100,0,448,192,64,48,0,-41,-26,1,1,100,0,272,228,82,41,0,-26,-9,0,0,80,0,0,110,54,18,0,
0,13,-74,-69,0,1,100,0,0,515,57,78,0,-11,-80,0,1,100,0,444,305,68,86,0,-30,-51,0,0,100,0,141,23,29,26,0,-17,-72,0,0,100,0,68,35,35,34,0,2,-49,0,0,100,0,175,0,25,18,0,-33,-42,0,0,100,0,101,113,85,33,0,-20,-53,0,0,100,0,105,0,37,35,0,3,-63,0,0,100,0,74,148,26,28,0,-19,-42,0,0,100,0,200,0,37,35,0,-31,-74,0,1,100,0,0,0,69,68,0,-22,-82,0,0,100,0,448,144,64,48,0,-41,-30,1,1,100,0,186,76,83,45,0,-26,-9,0,0,100,0,0,110,54,18,0,
0,13,-10,-61,0,1,100,0,355,90,73,68,0,-27,-71,0,0,100,0,68,0,35,34,0,-5,-47,0,0,100,0,175,0,25,18,0,-35,-49,0,0,100,0,141,23,29,26,0,-58,-63,0,1,100,0,106,514,37,67,0,-38,-40,0,0,100,0,101,113,85,33,0,-23,-55,0,0,100,0,0,73,37,35,0,-2,-61,0,0,100,0,74,148,26,28,0,-20,-44,0,0,100,0,177,35,37,35,0,-29,-76,0,1,60,0,0,0,69,68,0,-18,-76,1,0,100,0,448,96,64,48,0,-32,-26,1,1,100,0,272,183,82,41,0,-24,-9,0,0,100,0,0,110,54,18,0,
0,13,-71,-46,0,1,100,0,60,513,47,41,0,-8,-60,0,1,100,0,355,159,73,64,0,-26,-71,0,0,100,0,68,35,35,34,0,-4,-47,0,0,100,0,175,0,25,18,0,-34,-49,0,0,100,0,141,23,29,26,0,-37,-40,0,0,100,0,101,113,85,33,0,-24,-55,0,0,100,0,0,73,37,35,0,-1,-61,0,0,100,0,74,148,26,28,0,-21,-43,0,0,100,0,177,35,37,35,0,-30,-76,0,1,100,0,0,0,69,68,0,-19,-75,1,0,100,0,448,0,64,48,0,-28,-34,1,1,50,0,272,36,82,49,0,-23,-9,0,0,100,0,0,110,54,18,0,
0,13,-69,-46,0,1,50,0,60,513,47,41,0,-7,-61,0,1,50,0,355,159,73,64,0,-28,-70,0,0,100,0,68,35,35,34,0,-6,-46,0,0,100,0,175,0,25,18,0,-36,-48,0,0,100,0,141,23,29,26,0,-40,-39,0,0,100,0,101,113,85,33,0,-26,-54,0,0,100,0,0,73,37,35,0,-4,-60,0,0,100,0,74,148,26,28,0,-25,-42,0,0,100,0,177,35,37,35,0,-30,-76,0,1,40,0,0,0,69,68,0,-21,-74,1,0,100,0,448,96,64,48,0,-27,-28,1,1,40,0,272,91,82,48,0,-25,-9,0,0,100,0,0,110,54,18,0,
0,13,-68,-47,0,1,25,0,60,513,47,41,0,-6,-62,0,1,25,0,355,159,73,64,0,-29,-65,0,0,100,0,69,0,35,34,0,-7,-43,0,0,100,0,175,0,25,18,0,-37,-45,0,0,100,0,141,23,29,26,0,-41,-36,0,0,100,0,101,113,85,33,0,-27,-51,0,0,100,0,0,73,37,35,0,-5,-57,0,0,100,0,74,148,26,28,0,-27,-40,1,0,100,0,281,0,37,35,0,-30,-76,0,1,20,0,0,0,69,68,0,-22,-70,1,0,100,0,448,0,64,48,0,-26,-33,1,1,20,0,272,137,82,46,0,-26,-9,0,0,100,0,0,110,54,18,0,
0,9,-29,-67,0,0,100,0,68,35,35,34,0,-6,-45,0,0,100,0,175,0,25,18,0,-36,-47,0,0,100,0,141,23,29,26,0,-40,-38,0,0,100,0,101,113,85,33,0,-26,-53,0,0,100,0,0,73,37,35,0,-4,-59,0,0,100,0,74,148,26,28,0,-29,-40,1,0,100,0,281,0,37,35,0,-31,-80,0,0,100,0,448,144,64,48,0,-27,-9,0,0,100,0,0,110,54,18,0,
0,9,-28,-71,0,0,100,0,69,0,35,34,0,-6,-47,0,0,100,0,175,0,25,18,0,-36,-49,0,0,100,0,141,23,29,26,0,-40,-40,0,0,100,0,101,113,85,33,0,-26,-55,0,0,100,0,0,73,37,35,0,-4,-61,0,0,100,0,74,148,26,28,0,-30,-42,1,0,100,0,281,0,37,35,0,-27,-85,0,0,100,0,448,240,64,48,0,-27,-9,0,0,100,0,0,110,54,18,0,
0,9,-26,-72,0,0,100,0,68,35,35,34,0,-4,-49,0,0,100,0,175,0,25,18,0,-34,-51,0,0,100,0,141,23,29,26,0,-38,-42,0,0,100,0,101,113,85,33,0,-24,-55,0,0,100,0,0,73,37,35,0,-2,-63,0,0,100,0,74,148,26,28,0,-28,-42,1,0,100,0,281,0,37,35,0,-23,-82,0,0,100,0,448,192,64,48,0,-25,-9,0,0,100,0,0,110,54,18,0,
0,9,-24,-71,0,0,100,0,69,0,35,34,0,-35,-51,0,0,100,0,142,1,28,22,0,-5,-45,0,0,100,0,175,0,25,18,0,-45,-40,0,0,100,0,0,594,84,41,0,-23,-54,0,0,100,0,0,73,37,35,0,-1,-59,0,0,100,0,400,510,26,30,0,-27,-41,1,0,100,0,281,0,37,35,0,-22,-81,0,0,100,0,448,240,64,48,0,-25,-9,0,0,100,0,0,110,54,18,0,
0,10,-24,-70,0,0,100,0,68,35,35,34,0,-33,-52,0,0,100,0,142,1,28,22,0,-3,-42,0,0,100,0,175,0,25,18,0,-5,-38,0,0,100,0,354,512,46,38,0,-42,-39,0,0,100,0,317,512,38,38,0,-22,-53,0,0,100,0,0,73,37,35,0,1,-59,0,0,100,0,84,593,26,35,0,-26,-40,1,0,100,0,281,0,37,35,0,-21,-80,0,0,100,0,448,144,64,48,0,-25,-9,0,0,100,0,0,110,54,18,0,
0,11,-22,-69,0,0,100,0,69,0,35,34,0,-33,-50,0,0,100,0,142,1,28,22,0,-3,-42,0,0,100,0,175,0,25,18,0,-6,-40,0,0,100,0,37,594,47,41,0,-5,-38,0,0,100,0,354,512,46,38,0,-43,-39,0,0,100,0,0,594,39,41,0,-21,-52,0,0,100,0,0,73,37,35,0,1,-59,0,0,100,0,400,510,26,30,0,-25,-39,1,0,100,0,281,0,37,35,0,-20,-79,0,0,100,0,448,192,64,48,0,-25,-9,0,0,100,0,0,110,54,18,0,
0,11,-43,-37,0,1,25,0,0,635,85,44,0,-23,-68,0,0,100,0,68,35,35,34,0,-33,-48,0,0,100,0,142,1,28,22,0,-3,-41,0,0,100,0,175,0,25,18,0,-43,-36,0,0,100,0,0,594,84,41,0,-21,-51,0,0,100,0,0,73,37,35,0,0,-58,0,1,25,0,402,551,28,31,0,1,-57,0,0,100,0,400,510,26,30,0,-25,-38,1,0,100,0,281,0,37,35,0,-20,-78,0,0,100,0,448,240,64,48,0,-25,-9,0,0,100,0,0,110,54,18,0,
0,9,-22,-68,0,0,100,0,69,0,35,34,0,-33,-47,0,0,100,0,142,1,28,22,0,-3,-40,0,0,100,0,175,0,25,18,0,-42,-33,0,0,100,0,317,512,83,38,0,-21,-51,0,0,100,0,0,73,37,35,0,1,-57,0,0,100,0,84,593,26,35,0,-25,-38,1,0,100,0,281,0,37,35,0,-20,-78,0,0,100,0,448,144,64,48,0,-25,-9,0,0,100,0,0,110,54,18,0,
0,11,-43,-38,0,1,50,0,0,635,85,44,0,-23,-69,0,0,100,0,68,35,35,34,0,-33,-49,0,0,100,0,142,1,28,22,0,-3,-42,0,0,100,0,175,0,25,18,0,-43,-37,0,0,100,0,0,594,84,41,0,-21,-52,0,0,100,0,0,73,37,35,0,0,-58,0,1,50,0,402,551,28,31,0,1,-57,0,0,100,0,400,510,26,30,0,-25,-39,1,0,100,0,281,0,37,35,0,-20,-79,0,0,100,0,448,192,64,48,0,-25,-9,0,0,100,0,0,110,54,18,0,
0,11,-43,-37,0,1,25,0,316,551,85,44,0,-22,-68,0,0,100,0,69,0,35,34,0,-33,-48,0,0,100,0,142,1,28,22,0,-3,-41,0,0,100,0,175,0,25,18,0,-42,-34,0,0,100,0,317,512,83,38,0,-21,-51,0,0,100,0,0,73,37,35,0,0,-56,0,1,25,0,86,635,28,31,0,1,-56,0,0,100,0,84,593,26,35,0,-25,-38,1,0,100,0,281,0,37,35,0,-20,-78,0,0,100,0,448,240,64,48,0,-25,-9,0,0,100,0,0,110,54,18,0,
0,11,-43,-37,0,1,75,0,0,635,85,44,0,-23,-68,0,0,100,0,68,35,35,34,0,-33,-48,0,0,100,0,142,1,28,22,0,-3,-41,0,0,100,0,175,0,25,18,0,-43,-36,0,0,100,0,0,594,84,41,0,-21,-51,0,0,100,0,0,73,37,35,0,0,-56,0,1,75,0,402,551,28,31,0,1,-55,0,0,100,0,400,510,26,30,0,-25,-38,1,0,100,0,281,0,37,35,0,-20,-78,0,0,100,0,448,144,64,48,0,-25,-9,0,0,100,0,0,110,54,18,0,
0,11,-43,-36,0,1,50,0,316,551,85,44,0,-22,-67,0,0,100,0,69,0,35,34,0,-33,-47,0,0,100,0,142,1,28,22,0,-3,-40,0,0,100,0,175,0,25,18,0,-42,-33,0,0,100,0,317,512,83,38,0,-21,-50,0,0,100,0,0,73,37,35,0,0,-55,0,1,50,0,86,635,28,31,0,1,-55,0,0,100,0,84,593,26,35,0,-25,-37,1,0,100,0,281,0,37,35,0,-20,-77,0,0,100,0,448,192,64,48,0,-25,-9,0,0,100,0,0,110,54,18,0,
0,11,-43,-36,0,1,100,0,0,635,85,44,0,-23,-67,0,0,100,0,68,35,35,34,0,-33,-47,0,0,100,0,142,1,28,22,0,-3,-40,0,0,100,0,175,0,25,18,0,-43,-35,0,0,100,0,0,594,84,41,0,-21,-50,0,0,100,0,0,73,37,35,0,0,-55,0,1,100,0,402,551,28,31,0,1,-54,0,0,100,0,400,510,26,30,0,-25,-37,1,0,100,0,281,0,37,35,0,-20,-77,0,0,100,0,448,240,64,48,0,-25,-9,0,0,100,0,0,110,54,18,0,
0,11,-43,-36,0,1,75,0,316,551,85,44,0,-22,-67,0,0,100,0,69,0,35,34,0,-33,-47,0,0,100,0,142,1,28,22,0,-3,-40,0,0,100,0,175,0,25,18,0,-42,-33,0,0,100,0,317,512,83,38,0,-21,-50,0,0,100,0,0,73,37,35,0,0,-55,0,1,75,0,86,635,28,31,0,1,-55,0,0,100,0,84,593,26,35,0,-25,-37,1,0,100,0,281,0,37,35,0,-20,-77,0,0,100,0,448,144,64,48,0,-25,-9,0,0,100,0,0,110,54,18,0,
0,17,-124,-45,0,0,100,90,470,415,42,95,0,-43,-36,0,1,100,0,0,635,85,44,0,-33,-47,0,1,100,0,142,1,28,22,0,-3,-40,0,1,100,0,175,0,25,18,0,-22,-67,0,1,100,0,69,0,35,34,0,-22,-67,0,0,100,0,69,0,35,34,0,-33,-47,0,0,100,0,142,1,28,22,0,-3,-40,0,0,100,0,175,0,25,18,0,-43,-35,0,0,100,0,0,594,84,41,0,-21,-50,0,1,100,0,0,73,37,35,0,-21,-50,0,0,100,0,0,73,37,35,0,0,-55,0,1,100,0,86,635,28,31,0,1,-54,0,0,100,0,400,510,26,30,0,-25,-37,1,1,100,0,281,0,37,35,0,-25,-37,1,0,100,0,281,0,37,35,0,-48,-71,0,0,100,0,448,96,64,48,0,-25,-9,0,0,100,0,0,110,54,18,0,
0,16,-67,-59,0,1,33,0,0,0,69,68,0,-128,-49,0,2,100,90,0,405,47,107,0,-13,-67,0,2,50,0,69,0,35,34,0,-23,-47,0,2,50,0,142,1,28,22,0,7,-40,0,2,50,0,175,0,25,18,0,-13,-67,0,0,100,0,69,0,35,34,0,-23,-47,0,0,100,0,142,1,28,22,0,7,-40,0,0,100,0,175,0,25,18,0,-30,-33,0,0,100,0,317,512,83,38,0,-12,-50,0,2,50,0,0,73,37,35,0,-12,-50,0,0,100,0,0,73,37,35,0,14,-54,0,0,100,0,85,594,26,30,0,-20,-38,1,2,50,0,281,0,37,35,0,-20,-38,1,0,100,0,281,0,37,35,0,-38,-72,0,0,100,0,448,48,64,48,0,-21,-9,0,0,100,0,0,110,54,18,0,
0,19,-67,-59,0,1,33,0,0,0,69,68,0,-41,-47,0,0,100,0,119,588,25,49,0,-128,-49,0,0,100,90,0,405,47,107,0,-26,-47,0,1,50,0,142,1,28,22,0,4,-40,0,1,50,0,175,0,25,18,0,-14,-50,0,1,50,0,0,73,37,35,0,-15,-67,0,1,50,0,69,0,35,34,0,-15,-67,0,0,100,0,69,0,35,34,0,-26,-47,0,0,100,0,142,1,28,22,0,4,-40,0,0,100,0,175,0,25,18,0,-33,-33,0,2,50,0,317,512,83,38,0,-33,-33,0,0,100,0,317,512,83,38,0,-14,-50,0,0,100,0,0,73,37,35,0,12,-54,0,2,50,0,85,594,26,30,0,12,-54,0,0,100,0,85,594,26,30,0,-22,-38,1,1,50,0,281,0,37,35,0,-22,-38,1,0,100,0,281,0,37,35,0,-41,-74,0,0,100,0,448,0,64,48,0,-23,-9,0,0,100,0,0,110,54,18,0,
0,16,-67,-59,0,1,100,0,0,0,69,68,0,-31,-50,0,1,100,0,79,78,27,30,0,-44,-64,0,1,100,0,79,78,27,30,0,-38,-23,0,1,100,0,131,78,20,25,0,-72,-49,0,1,100,0,0,357,50,48,0,-44,-68,0,0,90,0,148,587,39,79,0,-142,-54,0,0,100,90,48,387,59,126,0,-17,-67,0,0,100,0,68,35,35,34,0,-27,-47,0,0,100,0,142,1,28,22,0,3,-40,0,0,100,0,175,0,25,18,0,-34,-33,0,0,100,0,317,512,83,38,0,-15,-50,0,0,100,0,0,73,37,35,0,11,-54,0,0,100,0,85,594,26,30,0,-22,-38,1,0,100,0,281,0,37,35,0,-38,-76,1,0,100,0,448,192,64,48,0,-23,-9,0,0,100,0,0,110,54,18,0,
0,16,-34,-19,0,1,100,0,131,78,20,25,0,-67,-59,0,1,100,0,0,0,69,68,0,-27,-52,0,1,100,0,79,78,27,30,0,-48,-72,0,1,100,0,79,78,27,30,0,-80,-49,0,1,100,0,0,357,50,48,0,-41,-74,0,0,80,0,189,588,48,80,0,-166,-62,0,0,100,90,110,355,65,157,0,-20,-67,0,0,100,0,69,0,35,34,0,-31,-47,0,0,100,0,142,1,28,22,0,-1,-40,0,0,100,0,175,0,25,18,0,-40,-33,0,0,100,0,317,512,83,38,0,-19,-50,0,0,100,0,0,73,37,35,0,4,-54,0,0,100,0,85,594,26,30,0,-23,-37,1,0,100,0,281,0,37,35,0,-26,-77,0,0,100,0,448,192,64,48,0,-23,-9,0,0,100,0,0,110,54,18,0,
0,17,-30,-16,0,1,100,0,131,78,20,25,0,-69,-59,0,1,33,0,0,0,69,68,0,-24,-53,0,1,100,0,79,78,27,30,0,-50,-76,0,1,100,0,79,78,27,30,0,-88,-49,0,1,100,0,0,304,50,48,0,-56,-33,2,1,100,270,106,78,23,29,0,-43,-77,0,0,70,0,238,587,54,82,0,-191,-62,0,0,100,90,240,346,67,166,0,-23,-67,0,0,100,0,68,35,35,34,0,-33,-47,0,0,100,0,142,1,28,22,0,-3,-40,0,0,100,0,175,0,25,18,0,-42,-33,0,0,100,0,317,512,83,38,0,-21,-50,0,0,100,0,0,73,37,35,0,2,-54,0,0,100,0,85,594,26,30,0,-25,-37,1,0,100,0,281,0,37,35,0,-20,-77,0,0,100,0,448,240,64,48,0,-25,-9,0,0,100,0,0,110,54,18,0,
0,16,-27,-15,0,1,100,0,131,78,20,25,0,-21,-54,0,1,80,0,79,78,27,30,0,-51,-78,0,1,100,0,79,78,27,30,0,-94,-51,0,1,100,0,0,248,50,51,0,-59,-33,2,1,100,270,106,78,23,29,0,-42,-79,0,0,60,0,292,596,52,82,0,-191,-65,0,0,100,90,309,359,69,151,0,-23,-67,0,0,100,0,69,0,35,34,0,-34,-47,0,0,100,0,142,1,28,22,0,-4,-40,0,0,100,0,175,0,25,18,0,-43,-33,0,0,100,0,317,512,83,38,0,-22,-50,0,0,100,0,0,73,37,35,0,1,-54,0,0,100,0,85,594,26,30,0,-26,-37,1,0,100,0,281,0,37,35,0,-21,-75,0,0,100,0,448,144,64,48,0,-26,-9,0,0,100,0,0,110,54,18,0,
0,18,-23,-14,0,1,80,0,131,78,20,25,0,-18,-54,0,1,60,0,79,78,27,30,0,-52,-80,0,1,80,0,79,78,27,30,0,-98,-51,0,1,100,0,0,304,50,48,0,-61,-34,2,1,100,270,106,78,23,29,0,-39,-81,0,0,50,0,345,596,50,83,0,-191,-65,0,0,100,90,59,221,69,134,0,-23,-67,0,0,100,0,68,35,35,34,0,-33,-47,0,0,100,0,142,1,28,22,0,-3,-40,0,0,100,0,175,0,25,18,0,-43,-36,0,1,75,0,316,551,85,44,0,-42,-33,0,0,100,0,317,512,83,38,0,-21,-50,0,0,100,0,0,73,37,35,0,0,-55,0,1,75,0,86,635,28,31,0,2,-54,0,0,100,0,85,594,26,30,0,-25,-37,1,0,100,0,281,0,37,35,0,-19,-74,0,0,100,0,448,192,64,48,0,-25,-9,0,0,100,0,0,110,54,18,0,
0,24,-124,-45,0,0,100,90,470,415,42,95,0,-21,-14,0,1,60,0,131,78,20,25,0,-16,-54,0,1,40,0,79,78,27,30,0,-52,-81,0,1,60,0,79,78,27,30,0,-101,-51,0,1,100,0,0,357,50,48,0,-62,-35,2,1,100,270,106,78,23,29,0,-33,-83,0,0,40,0,396,594,45,77,0,-192,-63,0,0,100,90,128,235,61,115,0,-43,-36,0,1,100,0,0,635,85,44,0,-33,-47,0,1,100,0,142,1,28,22,0,-3,-40,0,1,100,0,175,0,25,18,0,-22,-67,0,1,100,0,69,0,35,34,0,-22,-67,0,0,100,0,69,0,35,34,0,-33,-47,0,0,100,0,142,1,28,22,0,-3,-40,0,0,100,0,175,0,25,18,0,-43,-35,0,0,100,0,0,594,84,41,0,-21,-50,0,1,100,0,0,73,37,35,0,-21,-50,0,0,100,0,0,73,37,35,0,0,-55,0,1,100,0,86,635,28,31,0,1,-54,0,0,100,0,400,510,26,30,0,-25,-37,1,1,100,0,281,0,37,35,0,-25,-37,1,0,100,0,281,0,37,35,0,-48,-71,0,0,100,0,448,96,64,48,0,-25,-9,0,0,100,0,0,110,54,18,0,
0,23,-67,-59,0,1,33,0,0,0,69,68,0,-128,-49,0,2,100,90,0,405,47,107,0,-19,-14,0,1,40,0,131,78,20,25,0,-15,-54,0,1,20,0,79,78,27,30,0,-51,-82,0,1,40,0,79,78,27,30,0,-103,-52,0,1,80,0,0,304,50,48,0,-62,-36,2,1,100,270,106,78,23,29,0,-32,-84,0,0,30,0,396,594,45,77,0,-191,-62,0,0,100,90,379,415,58,95,0,-13,-67,0,2,50,0,69,0,35,34,0,-23,-47,0,2,50,0,142,1,28,22,0,7,-40,0,2,50,0,175,0,25,18,0,-13,-67,0,0,100,0,69,0,35,34,0,-23,-47,0,0,100,0,142,1,28,22,0,7,-40,0,0,100,0,175,0,25,18,0,-30,-33,0,0,100,0,317,512,83,38,0,-12,-50,0,2,50,0,0,73,37,35,0,-12,-50,0,0,100,0,0,73,37,35,0,14,-54,0,0,100,0,85,594,26,30,0,-20,-38,1,2,50,0,281,0,37,35,0,-20,-38,1,0,100,0,281,0,37,35,0,-38,-72,0,0,100,0,448,48,64,48,0,-21,-9,0,0,100,0,0,110,54,18,0,
0,25,-67,-59,0,1,33,0,0,0,69,68,0,-41,-47,0,0,100,0,119,588,25,49,0,-128,-49,0,0,100,90,0,405,47,107,0,-18,-14,0,1,20,0,131,78,20,25,0,-49,-83,0,1,20,0,79,78,27,30,0,-106,-54,0,1,60,0,0,248,50,50,0,-61,-37,2,1,80,270,106,78,23,29,0,-32,-83,0,0,20,0,440,595,43,61,0,-191,-61,0,0,100,90,191,236,54,98,0,-26,-47,0,1,50,0,142,1,28,22,0,4,-40,0,1,50,0,175,0,25,18,0,-14,-50,0,1,50,0,0,73,37,35,0,-15,-67,0,1,50,0,69,0,35,34,0,-15,-67,0,0,100,0,69,0,35,34,0,-26,-47,0,0,100,0,142,1,28,22,0,4,-40,0,0,100,0,175,0,25,18,0,-33,-33,0,2,50,0,317,512,83,38,0,-33,-33,0,0,100,0,317,512,83,38,0,-14,-50,0,0,100,0,0,73,37,35,0,12,-54,0,2,50,0,85,594,26,30,0,12,-54,0,0,100,0,85,594,26,30,0,-22,-38,1,1,50,0,281,0,37,35,0,-22,-38,1,0,100,0,281,0,37,35,0,-41,-74,0,0,100,0,448,0,64,48,0,-23,-9,0,0,100,0,0,110,54,18,0,
0,20,-67,-59,0,1,100,0,0,0,69,68,0,-31,-50,0,1,100,0,79,78,27,30,0,-44,-64,0,1,100,0,79,78,27,30,0,-38,-23,0,1,100,0,131,78,20,25,0,-72,-49,0,1,100,0,0,357,50,48,0,-44,-68,0,0,90,0,148,587,39,79,0,-142,-54,0,0,100,90,48,387,59,126,0,-108,-55,0,1,40,0,0,304,50,48,0,-60,-38,2,1,60,270,106,78,23,29,0,-31,-84,0,0,10,0,440,595,43,61,0,-190,-62,0,0,100,90,247,269,53,72,0,-17,-67,0,0,100,0,68,35,35,34,0,-27,-47,0,0,100,0,142,1,28,22,0,3,-40,0,0,100,0,175,0,25,18,0,-34,-33,0,0,100,0,317,512,83,38,0,-15,-50,0,0,100,0,0,73,37,35,0,11,-54,0,0,100,0,85,594,26,30,0,-22,-38,1,0,100,0,281,0,37,35,0,-38,-76,1,0,100,0,448,192,64,48,0,-23,-9,0,0,100,0,0,110,54,18,0,
0,19,-34,-19,0,1,100,0,131,78,20,25,0,-67,-59,0,1,100,0,0,0,69,68,0,-27,-52,0,1,100,0,79,78,27,30,0,-48,-72,0,1,100,0,79,78,27,30,0,-80,-49,0,1,100,0,0,357,50,48,0,-41,-74,0,0,80,0,189,588,48,80,0,-166,-62,0,0,100,90,110,355,65,157,0,-58,-39,2,1,40,270,106,78,23,29,0,-109,-57,0,1,20,0,0,357,50,48,0,-188,-57,0,0,75,90,303,271,43,39,0,-20,-67,0,0,100,0,69,0,35,34,0,-31,-47,0,0,100,0,142,1,28,22,0,-1,-40,0,0,100,0,175,0,25,18,0,-40,-33,0,0,100,0,317,512,83,38,0,-19,-50,0,0,100,0,0,73,37,35,0,4,-54,0,0,100,0,85,594,26,30,0,-23,-37,1,0,100,0,281,0,37,35,0,-26,-77,0,0,100,0,448,192,64,48,0,-23,-9,0,0,100,0,0,110,54,18,0,
0,19,-30,-16,0,1,100,0,131,78,20,25,0,-69,-59,0,1,33,0,0,0,69,68,0,-24,-53,0,1,100,0,79,78,27,30,0,-50,-76,0,1,100,0,79,78,27,30,0,-88,-49,0,1,100,0,0,304,50,48,0,-56,-33,2,1,100,270,106,78,23,29,0,-43,-77,0,0,70,0,238,587,54,82,0,-191,-62,0,0,100,90,240,346,67,166,0,-56,-40,2,1,20,270,106,78,23,29,0,-187,-59,0,0,50,90,306,311,40,29,0,-23,-67,0,0,100,0,68,35,35,34,0,-33,-47,0,0,100,0,142,1,28,22,0,-3,-40,0,0,100,0,175,0,25,18,0,-42,-33,0,0,100,0,317,512,83,38,0,-21,-50,0,0,100,0,0,73,37,35,0,2,-54,0,0,100,0,85,594,26,30,0,-25,-37,1,0,100,0,281,0,37,35,0,-20,-77,0,0,100,0,448,240,64,48,0,-25,-9,0,0,100,0,0,110,54,18,0,
0,17,-27,-15,0,1,100,0,131,78,20,25,0,-21,-54,0,1,80,0,79,78,27,30,0,-51,-78,0,1,100,0,79,78,27,30,0,-94,-51,0,1,100,0,0,248,50,51,0,-59,-33,2,1,100,270,106,78,23,29,0,-42,-79,0,0,60,0,292,596,52,82,0,-191,-65,0,0,100,90,309,359,69,151,0,-186,-56,0,0,25,90,440,488,27,19,0,-23,-67,0,0,100,0,69,0,35,34,0,-34,-47,0,0,100,0,142,1,28,22,0,-4,-40,0,0,100,0,175,0,25,18,0,-43,-33,0,0,100,0,317,512,83,38,0,-22,-50,0,0,100,0,0,73,37,35,0,1,-54,0,0,100,0,85,594,26,30,0,-26,-37,1,0,100,0,281,0,37,35,0,-21,-75,0,0,100,0,448,144,64,48,0,-26,-9,0,0,100,0,0,110,54,18,0,
0,18,-23,-14,0,1,80,0,131,78,20,25,0,-18,-54,0,1,60,0,79,78,27,30,0,-52,-80,0,1,80,0,79,78,27,30,0,-98,-51,0,1,100,0,0,304,50,48,0,-61,-34,2,1,100,270,106,78,23,29,0,-39,-81,0,0,50,0,345,596,50,83,0,-191,-65,0,0,100,90,59,221,69,134,0,-23,-67,0,0,100,0,68,35,35,34,0,-33,-47,0,0,100,0,142,1,28,22,0,-3,-40,0,0,100,0,175,0,25,18,0,-43,-36,0,1,75,0,316,551,85,44,0,-42,-33,0,0,100,0,317,512,83,38,0,-21,-50,0,0,100,0,0,73,37,35,0,0,-55,0,1,75,0,86,635,28,31,0,2,-54,0,0,100,0,85,594,26,30,0,-25,-37,1,0,100,0,281,0,37,35,0,-19,-74,0,0,100,0,448,192,64,48,0,-25,-9,0,0,100,0,0,110,54,18,0,
0,24,-124,-45,0,0,100,90,470,415,42,95,0,-21,-14,0,1,60,0,131,78,20,25,0,-16,-54,0,1,40,0,79,78,27,30,0,-52,-81,0,1,60,0,79,78,27,30,0,-101,-51,0,1,100,0,0,357,50,48,0,-62,-35,2,1,100,270,106,78,23,29,0,-33,-83,0,0,40,0,396,594,45,77,0,-192,-63,0,0,100,90,128,235,61,115,0,-43,-36,0,1,100,0,0,635,85,44,0,-33,-47,0,1,100,0,142,1,28,22,0,-3,-40,0,1,100,0,175,0,25,18,0,-22,-67,0,1,100,0,69,0,35,34,0,-22,-67,0,0,100,0,69,0,35,34,0,-33,-47,0,0,100,0,142,1,28,22,0,-3,-40,0,0,100,0,175,0,25,18,0,-43,-35,0,0,100,0,0,594,84,41,0,-21,-50,0,1,100,0,0,73,37,35,0,-21,-50,0,0,100,0,0,73,37,35,0,0,-55,0,1,100,0,86,635,28,31,0,1,-54,0,0,100,0,400,510,26,30,0,-25,-37,1,1,100,0,281,0,37,35,0,-25,-37,1,0,100,0,281,0,37,35,0,-48,-71,0,0,100,0,448,96,64,48,0,-25,-9,0,0,100,0,0,110,54,18,0,
0,23,-67,-59,0,1,33,0,0,0,69,68,0,-128,-49,0,2,100,90,0,405,47,107,0,-19,-14,0,1,40,0,131,78,20,25,0,-15,-54,0,1,20,0,79,78,27,30,0,-51,-82,0,1,40,0,79,78,27,30,0,-103,-52,0,1,80,0,0,304,50,48,0,-62,-36,2,1,100,270,106,78,23,29,0,-32,-84,0,0,30,0,396,594,45,77,0,-191,-62,0,0,100,90,379,415,58,95,0,-13,-67,0,2,50,0,69,0,35,34,0,-23,-47,0,2,50,0,142,1,28,22,0,7,-40,0,2,50,0,175,0,25,18,0,-13,-67,0,0,100,0,69,0,35,34,0,-23,-47,0,0,100,0,142,1,28,22,0,7,-40,0,0,100,0,175,0,25,18,0,-30,-33,0,0,100,0,317,512,83,38,0,-12,-50,0,2,50,0,0,73,37,35,0,-12,-50,0,0,100,0,0,73,37,35,0,14,-54,0,0,100,0,85,594,26,30,0,-20,-38,1,2,50,0,281,0,37,35,0,-20,-38,1,0,100,0,281,0,37,35,0,-38,-72,0,0,100,0,448,48,64,48,0,-21,-9,0,0,100,0,0,110,54,18,0,
0,25,-67,-59,0,1,33,0,0,0,69,68,0,-41,-47,0,0,100,0,119,588,25,49,0,-128,-49,0,0,100,90,0,405,47,107,0,-18,-14,0,1,20,0,131,78,20,25,0,-49,-83,0,1,20,0,79,78,27,30,0,-106,-54,0,1,60,0,0,248,50,50,0,-61,-37,2,1,80,270,106,78,23,29,0,-32,-83,0,0,20,0,440,595,43,61,0,-191,-61,0,0,100,90,191,236,54,98,0,-26,-47,0,1,50,0,142,1,28,22,0,4,-40,0,1,50,0,175,0,25,18,0,-14,-50,0,1,50,0,0,73,37,35,0,-15,-67,0,1,50,0,69,0,35,34,0,-15,-67,0,0,100,0,69,0,35,34,0,-26,-47,0,0,100,0,142,1,28,22,0,4,-40,0,0,100,0,175,0,25,18,0,-33,-33,0,2,50,0,317,512,83,38,0,-33,-33,0,0,100,0,317,512,83,38,0,-14,-50,0,0,100,0,0,73,37,35,0,12,-54,0,2,50,0,85,594,26,30,0,12,-54,0,0,100,0,85,594,26,30,0,-22,-38,1,1,50,0,281,0,37,35,0,-22,-38,1,0,100,0,281,0,37,35,0,-41,-74,0,0,100,0,448,0,64,48,0,-23,-9,0,0,100,0,0,110,54,18,0,
0,20,-67,-59,0,1,100,0,0,0,69,68,0,-31,-50,0,1,100,0,79,78,27,30,0,-44,-64,0,1,100,0,79,78,27,30,0,-38,-23,0,1,100,0,131,78,20,25,0,-72,-49,0,1,100,0,0,357,50,48,0,-44,-68,0,0,90,0,148,587,39,79,0,-142,-54,0,0,100,90,48,387,59,126,0,-108,-55,0,1,40,0,0,304,50,48,0,-60,-38,2,1,60,270,106,78,23,29,0,-31,-84,0,0,10,0,440,595,43,61,0,-190,-62,0,0,100,90,247,269,53,72,0,-17,-67,0,0,100,0,68,35,35,34,0,-27,-47,0,0,100,0,142,1,28,22,0,3,-40,0,0,100,0,175,0,25,18,0,-34,-33,0,0,100,0,317,512,83,38,0,-15,-50,0,0,100,0,0,73,37,35,0,11,-54,0,0,100,0,85,594,26,30,0,-22,-38,1,0,100,0,281,0,37,35,0,-38,-76,1,0,100,0,448,192,64,48,0,-23,-9,0,0,100,0,0,110,54,18,0,
0,19,-34,-19,0,1,100,0,131,78,20,25,0,-67,-59,0,1,100,0,0,0,69,68,0,-27,-52,0,1,100,0,79,78,27,30,0,-48,-72,0,1,100,0,79,78,27,30,0,-80,-49,0,1,100,0,0,357,50,48,0,-41,-74,0,0,80,0,189,588,48,80,0,-166,-62,0,0,100,90,110,355,65,157,0,-58,-39,2,1,40,270,106,78,23,29,0,-109,-57,0,1,20,0,0,357,50,48,0,-188,-57,0,0,75,90,303,271,43,39,0,-20,-67,0,0,100,0,69,0,35,34,0,-31,-47,0,0,100,0,142,1,28,22,0,-1,-40,0,0,100,0,175,0,25,18,0,-40,-33,0,0,100,0,317,512,83,38,0,-19,-50,0,0,100,0,0,73,37,35,0,4,-54,0,0,100,0,85,594,26,30,0,-23,-37,1,0,100,0,281,0,37,35,0,-26,-77,0,0,100,0,448,192,64,48,0,-23,-9,0,0,100,0,0,110,54,18,0,
0,19,-30,-16,0,1,100,0,131,78,20,25,0,-69,-59,0,1,33,0,0,0,69,68,0,-24,-53,0,1,100,0,79,78,27,30,0,-50,-76,0,1,100,0,79,78,27,30,0,-88,-49,0,1,100,0,0,304,50,48,0,-56,-33,2,1,100,270,106,78,23,29,0,-43,-77,0,0,70,0,238,587,54,82,0,-191,-62,0,0,100,90,240,346,67,166,0,-56,-40,2,1,20,270,106,78,23,29,0,-187,-59,0,0,50,90,306,311,40,29,0,-23,-67,0,0,100,0,68,35,35,34,0,-33,-47,0,0,100,0,142,1,28,22,0,-3,-40,0,0,100,0,175,0,25,18,0,-42,-33,0,0,100,0,317,512,83,38,0,-21,-50,0,0,100,0,0,73,37,35,0,2,-54,0,0,100,0,85,594,26,30,0,-25,-37,1,0,100,0,281,0,37,35,0,-20,-77,0,0,100,0,448,240,64,48,0,-25,-9,0,0,100,0,0,110,54,18,0,
0,18,-27,-15,0,1,100,0,131,78,20,25,0,-21,-54,0,1,80,0,79,78,27,30,0,-51,-78,0,1,100,0,79,78,27,30,0,-94,-51,0,1,100,0,0,248,50,51,0,-59,-33,2,1,100,270,106,78,23,29,0,-42,-79,0,0,60,0,292,596,52,82,0,-191,-65,0,0,100,90,309,359,69,151,0,-56,-40,2,1,20,270,106,78,23,29,0,-187,-59,0,0,50,90,306,311,40,29,0,-23,-67,0,0,100,0,69,0,35,34,0,-34,-47,0,0,100,0,142,1,28,22,0,-4,-40,0,0,100,0,175,0,25,18,0,-43,-33,0,0,100,0,317,512,83,38,0,-22,-50,0,0,100,0,0,73,37,35,0,1,-54,0,0,100,0,85,594,26,30,0,-26,-37,1,0,100,0,281,0,37,35,0,-21,-75,0,0,100,0,448,144,64,48,0,-26,-9,0,0,100,0,0,110,54,18,0,
0,17,-23,-14,0,1,80,0,131,78,20,25,0,-18,-54,0,1,60,0,79,78,27,30,0,-52,-80,0,1,80,0,79,78,27,30,0,-98,-51,0,1,100,0,0,304,50,48,0,-61,-34,2,1,100,270,106,78,23,29,0,-39,-81,0,0,50,0,345,596,50,83,0,-191,-65,0,0,100,90,59,221,69,134,0,-186,-56,0,0,25,90,440,488,27,19,0,-23,-67,0,0,100,0,68,35,35,34,0,-33,-47,0,0,100,0,142,1,28,22,0,-3,-40,0,0,100,0,175,0,25,18,0,-42,-33,0,0,100,0,317,512,83,38,0,-21,-50,0,0,100,0,0,73,37,35,0,2,-54,0,0,100,0,85,594,26,30,0,-25,-37,1,0,100,0,281,0,37,35,0,-19,-74,0,0,100,0,448,192,64,48,0,-25,-9,0,0,100,0,0,110,54,18,0,
0,16,-21,-14,0,1,60,0,131,78,20,25,0,-16,-54,0,1,40,0,79,78,27,30,0,-52,-81,0,1,60,0,79,78,27,30,0,-101,-51,0,1,100,0,0,357,50,48,0,-62,-35,2,1,100,270,106,78,23,29,0,-33,-83,0,0,40,0,396,594,45,77,0,-192,-63,0,0,100,90,128,235,61,115,0,-22,-67,0,0,100,0,69,0,35,34,0,-33,-47,0,0,100,0,142,1,28,22,0,-3,-40,0,0,100,0,175,0,25,18,0,-42,-33,0,0,100,0,317,512,83,38,0,-21,-50,0,0,100,0,0,73,37,35,0,1,-55,0,0,100,0,84,593,26,35,0,-25,-37,1,0,100,0,281,0,37,35,0,-17,-71,0,0,100,0,448,192,64,48,0,-25,-9,0,0,100,0,0,110,54,18,0,
0,16,-19,-14,0,1,40,0,131,78,20,25,0,-15,-54,0,1,20,0,79,78,27,30,0,-51,-82,0,1,40,0,79,78,27,30,0,-103,-52,0,1,80,0,0,304,50,48,0,-62,-36,2,1,100,270,106,78,23,29,0,-32,-84,0,0,30,0,396,594,45,77,0,-191,-62,0,0,100,90,379,415,58,95,0,-23,-67,0,0,100,0,68,35,35,34,0,-33,-47,0,0,100,0,142,1,28,22,0,-3,-40,0,0,100,0,175,0,25,18,0,-42,-33,0,0,100,0,317,512,83,38,0,-21,-50,0,0,100,0,0,73,37,35,0,1,-55,0,0,100,0,84,593,26,35,0,-25,-37,1,0,100,0,281,0,37,35,0,-18,-73,0,0,100,0,448,240,64,48,0,-25,-9,0,0,100,0,0,110,54,18,0,
0,15,-18,-14,0,1,20,0,131,78,20,25,0,-49,-83,0,1,20,0,79,78,27,30,0,-106,-54,0,1,60,0,0,248,50,50,0,-61,-37,2,1,80,270,106,78,23,29,0,-32,-83,0,0,20,0,440,595,43,61,0,-191,-61,0,0,100,90,191,236,54,98,0,-22,-67,0,0,100,0,69,0,35,34,0,-33,-47,0,0,100,0,142,1,28,22,0,-3,-40,0,0,100,0,175,0,25,18,0,-42,-33,0,0,100,0,317,512,83,38,0,-21,-50,0,0,100,0,0,73,37,35,0,1,-55,0,0,100,0,84,593,26,35,0,-25,-37,1,0,100,0,281,0,37,35,0,-19,-75,0,0,100,0,448,144,64,48,0,-25,-9,0,0,100,0,0,110,54,18,0,
0,13,-108,-55,0,1,40,0,0,304,50,48,0,-60,-38,2,1,60,270,106,78,23,29,0,-31,-84,0,0,10,0,440,595,43,61,0,-190,-62,0,0,100,90,247,269,53,72,0,-22,-67,0,0,100,0,69,0,35,34,0,-33,-47,0,0,100,0,142,1,28,22,0,-3,-40,0,0,100,0,175,0,25,18,0,-42,-33,0,0,100,0,317,512,83,38,0,-21,-50,0,0,100,0,0,73,37,35,0,1,-55,0,0,100,0,84,593,26,35,0,-25,-37,1,0,100,0,281,0,37,35,0,-20,-77,0,0,100,0,448,192,64,48,0,-25,-9,0,0,100,0,0,110,54,18,0,
0,12,-58,-39,2,1,40,270,106,78,23,29,0,-109,-57,0,1,20,0,0,357,50,48,0,-188,-57,0,0,75,90,303,271,43,39,0,-23,-67,0,0,100,0,68,35,35,34,0,-33,-47,0,0,100,0,142,1,28,22,0,-3,-40,0,0,100,0,175,0,25,18,0,-42,-33,0,0,100,0,317,512,83,38,0,-21,-50,0,0,100,0,0,73,37,35,0,1,-55,0,0,100,0,84,593,26,35,0,-25,-37,1,0,100,0,281,0,37,35,0,-22,-78,0,0,100,0,448,240,64,48,0,-25,-9,0,0,100,0,0,110,54,18,0,
0,11,-56,-40,2,1,20,270,106,78,23,29,0,-187,-59,0,0,50,90,306,311,40,29,0,-22,-67,0,0,100,0,69,0,35,34,0,-33,-47,0,0,100,0,142,1,28,22,0,-3,-40,0,0,100,0,175,0,25,18,0,-42,-33,0,0,100,0,317,512,83,38,0,-21,-50,0,0,100,0,0,73,37,35,0,1,-55,0,0,100,0,84,593,26,35,0,-25,-37,1,0,100,0,281,0,37,35,0,-20,-78,0,0,100,0,448,144,64,48,0,-25,-9,0,0,100,0,0,110,54,18,0,
0,12,-186,-56,0,0,25,90,440,488,27,19,0,-19,-70,0,0,100,0,69,0,35,34,0,-28,-50,0,0,100,0,142,1,28,22,0,1,-42,0,0,100,0,175,0,25,18,0,-2,-38,0,0,100,0,354,512,46,38,0,-39,-37,0,0,100,0,317,512,38,38,0,-18,-52,0,0,100,0,0,73,37,35,0,5,-58,0,0,100,0,84,593,26,35,0,-23,-37,1,0,100,0,177,37,37,34,0,-31,-74,0,1,30,0,0,0,69,68,0,-36,-77,1,0,100,0,448,192,64,48,0,-25,-9,0,0,100,0,0,110,54,18,0,
0,11,-16,-71,0,0,100,0,69,0,35,34,0,-27,-53,0,0,100,0,142,1,28,22,0,2,-43,0,0,100,0,175,0,25,18,0,-1,-39,0,0,100,0,354,512,46,38,0,-38,-40,0,0,100,0,317,512,38,38,0,-17,-52,0,0,100,0,0,73,37,35,0,6,-57,0,0,100,0,84,593,26,35,0,-24,-37,1,0,100,0,177,37,37,34,0,-31,-74,0,1,60,0,0,0,69,68,0,-40,-78,1,0,100,0,448,192,64,48,0,-25,-9,0,0,100,0,0,110,54,18,0,
0,0,
0,0,
0,0,
