0,12,-98,-22,0,0,60,0,899,2,123,38,0,-56,-22,0,0,100,0,378,24,36,24,0,-34,-46,0,0,100,0,0,0,63,51,0,-35,-53,0,0,100,0,429,0,76,55,0,-6,-112,0,1,50,0,372,175,31,51,0,-12,-107,0,0,100,0,834,173,67,56,0,-6,-112,0,0,100,0,372,175,31,51,0,-81,-138,0,0,100,0,376,60,82,110,0,-81,-139,0,1,100,0,376,60,82,110,0,-97,-79,0,1,50,0,0,57,193,84,0,-97,-79,0,0,90,0,0,57,193,84,0,-29,-6,0,0,100,0,371,6,57,16,0,
0,12,-97,-19,0,0,60,0,899,40,123,37,0,-56,-21,0,0,100,0,378,24,36,24,0,-32,-45,0,0,100,0,63,1,63,51,0,-35,-53,0,0,100,0,504,1,76,55,0,-4,-112,0,1,50,0,401,174,31,51,0,-12,-106,0,0,100,0,834,173,67,56,0,-4,-112,0,0,100,0,401,174,31,51,0,-82,-137,0,0,100,0,461,63,82,110,0,-82,-140,0,1,100,0,461,63,82,110,0,-96,-79,0,1,50,0,0,146,193,84,0,-96,-79,0,0,90,0,0,146,193,84,0,-29,-6,0,0,100,0,371,6,57,16,0,
0,12,-98,-18,0,0,60,0,901,76,123,35,0,-56,-20,0,0,100,0,378,24,36,24,0,-33,-45,0,0,100,0,122,0,63,51,0,-34,-53,0,0,100,0,582,1,76,55,0,-5,-112,0,1,50,0,429,171,31,51,0,-12,-105,0,0,100,0,834,173,67,56,0,-5,-112,0,0,100,0,429,171,31,51,0,-82,-135,0,0,100,0,543,63,82,110,0,-82,-137,0,1,60,0,543,63,82,110,0,-94,-79,0,1,50,0,0,238,186,84,0,-94,-79,0,0,90,0,0,238,186,84,0,-29,-6,0,0,100,0,371,6,57,16,0,
0,12,-105,-16,0,0,60,0,899,111,123,33,0,-56,-20,0,0,100,0,378,24,36,24,0,-33,-46,0,0,100,0,183,1,63,51,0,-36,-53,0,0,100,0,661,0,76,55,0,-5,-110,0,1,50,0,372,176,31,51,0,-11,-105,0,0,100,0,834,173,67,56,0,-5,-110,0,0,100,0,372,176,31,51,0,-82,-131,0,0,100,0,628,64,82,110,0,-82,-132,0,1,40,0,628,64,82,110,0,-102,-77,0,1,50,0,189,59,186,84,0,-102,-77,0,0,90,0,189,59,186,84,0,-29,-6,0,0,100,0,371,6,57,16,0,
0,11,-101,-13,0,0,60,0,904,145,118,29,0,-56,-22,0,0,100,0,378,24,36,24,0,-32,-46,0,0,100,0,244,2,63,51,0,-36,-53,0,0,100,0,738,0,76,55,0,-3,-111,0,1,50,0,401,174,31,51,0,-11,-106,0,0,100,0,834,173,67,56,0,-3,-111,0,0,100,0,401,174,31,51,0,-83,-134,0,0,100,0,709,61,82,110,0,-90,-77,0,1,50,0,198,150,173,84,0,-90,-77,0,0,90,0,198,150,173,84,0,-29,-6,0,0,100,0,371,6,57,16,0,
0,11,-101,-8,0,0,60,0,903,185,118,37,0,-56,-23,0,0,100,0,378,24,36,24,0,-32,-47,0,0,100,0,304,2,63,51,0,-35,-53,0,0,100,0,818,0,76,55,0,-3,-113,0,1,50,0,430,170,31,51,0,-11,-107,0,0,100,0,834,173,67,56,0,-3,-113,0,0,100,0,430,170,31,51,0,-84,-136,0,0,100,0,791,63,82,110,0,-91,-78,0,1,50,0,194,235,190,84,0,-91,-78,0,0,90,0,194,235,190,84,0,-29,-6,0,0,100,0,371,6,57,16,0,
0,13,-16,-31,1,1,60,0,899,2,123,38,0,-56,-22,0,0,100,0,378,24,36,24,0,-29,-49,0,0,100,0,896,230,57,65,0,-27,-60,0,0,100,0,920,361,94,51,0,15,-74,0,1,80,-90,430,171,31,51,0,-6,-73,0,1,80,-90,430,171,31,51,0,-8,-74,0,0,100,-90,430,170,31,51,0,-30,-97,0,0,100,0,834,173,67,56,0,-90,-123,0,0,100,0,376,60,82,110,0,-88,-122,0,1,100,0,376,60,82,110,0,-83,-79,0,1,50,0,0,57,193,84,0,-83,-79,0,0,90,0,0,57,193,84,0,-29,-6,0,0,100,0,371,6,57,16,0,
0,11,-8,-26,1,1,60,0,899,110,123,34,0,-56,-22,0,0,100,0,378,24,36,24,0,-28,-55,0,0,100,0,956,224,59,65,0,-26,-52,0,0,100,0,919,290,94,39,0,4,-97,0,1,80,-90,372,175,31,51,0,-4,-81,0,0,80,-90,372,175,31,51,0,-31,-98,0,0,100,0,834,173,67,56,0,-92,-123,0,0,100,0,376,60,82,110,0,-79,-79,0,1,50,0,0,57,193,84,0,-81,-79,0,0,90,0,0,57,193,84,0,-29,-6,0,0,100,0,371,6,57,16,0,
0,18,-98,-22,0,0,60,0,899,2,123,38,0,-56,-22,0,0,100,0,378,24,36,24,0,-29,-46,0,0,100,0,628,181,33,31,0,-14,-19,0,0,100,0,648,219,30,20,0,-29,-42,0,0,100,0,467,183,42,33,0,-14,-23,0,0,100,0,697,182,25,23,0,-1,-41,0,0,100,0,773,182,34,20,0,5,-23,0,0,100,0,773,207,25,28,0,-29,-19,0,0,100,0,744,209,24,26,0,-35,-53,0,0,100,0,429,0,76,55,0,-6,-112,0,1,50,0,372,175,31,51,0,-12,-107,0,0,100,0,834,173,67,56,0,-6,-112,0,0,100,0,372,175,31,51,0,-81,-138,0,0,100,0,376,60,82,110,0,-81,-139,0,1,100,0,376,60,82,110,0,-97,-79,0,1,50,0,0,57,193,84,0,-97,-79,0,0,90,0,0,57,193,84,0,-29,-6,0,0,100,0,371,6,57,16,0,
0,18,-97,-19,0,0,60,0,899,40,123,37,0,-56,-21,0,0,100,0,378,24,36,24,0,-28,-45,0,0,100,0,628,181,33,31,0,-13,-19,0,0,100,0,648,219,30,20,0,-29,-42,0,0,100,0,467,183,42,33,0,-12,-23,0,0,100,0,697,182,25,23,0,-2,-41,0,0,100,0,773,182,34,20,0,5,-23,0,0,100,0,773,207,25,28,0,-29,-19,0,0,100,0,744,209,24,26,0,-35,-53,0,0,100,0,504,1,76,55,0,-4,-112,0,1,50,0,401,174,31,51,0,-12,-106,0,0,100,0,834,173,67,56,0,-4,-112,0,0,100,0,401,174,31,51,0,-82,-137,0,0,100,0,461,63,82,110,0,-82,-140,0,1,100,0,461,63,82,110,0,-96,-79,0,1,50,0,0,146,193,84,0,-96,-79,0,0,90,0,0,146,193,84,0,-29,-6,0,0,100,0,371,6,57,16,0,
0,18,-98,-18,0,0,60,0,901,76,123,35,0,-56,-20,0,0,100,0,378,24,36,24,0,-12,-20,0,0,100,0,648,219,30,20,0,-27,-45,0,0,100,0,628,181,33,31,0,-28,-41,0,0,100,0,467,183,42,33,0,-12,-23,0,0,100,0,697,182,25,23,0,-3,-40,0,0,100,0,773,182,34,20,0,5,-23,0,0,100,0,773,207,25,28,0,-29,-19,0,0,100,0,744,209,24,26,0,-34,-53,0,0,100,0,582,1,76,55,0,-5,-112,0,1,50,0,429,171,31,51,0,-12,-105,0,0,100,0,834,173,67,56,0,-5,-112,0,0,100,0,429,171,31,51,0,-82,-135,0,0,100,0,543,63,82,110,0,-82,-137,0,1,60,0,543,63,82,110,0,-94,-79,0,1,50,0,0,238,186,84,0,-94,-79,0,0,90,0,0,238,186,84,0,-29,-6,0,0,100,0,371,6,57,16,0,
0,18,-105,-16,0,0,60,0,899,111,123,33,0,-56,-20,0,0,100,0,378,24,36,24,0,-25,-45,0,0,100,0,628,181,33,31,0,-12,-21,0,0,100,0,648,219,30,20,0,-26,-41,0,0,100,0,467,183,42,33,0,-11,-23,0,0,100,0,697,182,25,23,0,-4,-39,0,0,100,0,773,182,34,20,0,5,-23,0,0,100,0,773,207,25,28,0,-29,-19,0,0,100,0,744,209,24,26,0,-37,-53,0,0,100,0,661,0,76,55,0,-5,-110,0,1,50,0,372,176,31,51,0,-11,-105,0,0,100,0,834,173,67,56,0,-5,-110,0,0,100,0,372,176,31,51,0,-82,-131,0,0,100,0,628,64,82,110,0,-82,-132,0,1,40,0,628,64,82,110,0,-102,-77,0,1,50,0,189,59,186,84,0,-102,-77,0,0,90,0,189,59,186,84,0,-29,-6,0,0,100,0,371,6,57,16,0,
0,17,-101,-13,0,0,60,0,904,145,118,29,0,-56,-22,0,0,100,0,378,24,36,24,0,-24,-45,0,0,100,0,628,181,33,31,0,-12,-22,0,0,100,0,648,219,30,20,0,-25,-41,0,0,100,0,467,183,42,33,0,-11,-23,0,0,100,0,697,182,25,23,0,-5,-39,0,0,100,0,773,182,34,20,0,5,-23,0,0,100,0,773,207,25,28,0,-30,-19,0,0,100,0,744,209,24,26,0,-38,-53,0,0,100,0,738,0,76,55,0,-3,-111,0,1,50,0,401,174,31,51,0,-11,-106,0,0,100,0,834,173,67,56,0,-3,-111,0,0,100,0,401,174,31,51,0,-83,-134,0,0,100,0,709,61,82,110,0,-90,-77,0,1,50,0,198,150,173,84,0,-90,-77,0,0,90,0,198,150,173,84,0,-29,-6,0,0,100,0,371,6,57,16,0,
0,17,-101,-8,0,0,60,0,903,185,118,37,0,-56,-23,0,0,100,0,378,24,36,24,0,-23,-45,0,0,100,0,628,181,33,31,0,-12,-22,0,0,100,0,648,219,30,20,0,-25,-41,0,0,100,0,467,183,42,33,0,-11,-23,0,0,100,0,697,182,25,23,0,-5,-39,0,0,100,0,773,182,34,20,0,5,-23,0,0,100,0,773,207,25,28,0,-30,-19,0,0,100,0,744,209,24,26,0,-35,-53,0,0,100,0,818,0,76,55,0,-3,-113,0,1,50,0,430,170,31,51,0,-11,-107,0,0,100,0,834,173,67,56,0,-3,-113,0,0,100,0,430,170,31,51,0,-84,-136,0,0,100,0,791,63,82,110,0,-91,-78,0,1,50,0,194,235,190,84,0,-91,-78,0,0,90,0,194,235,190,84,0,-29,-6,0,0,100,0,371,6,57,16,0,
0,20,-47,-54,0,1,100,0,783,274,58,59,0,-98,-22,0,0,60,0,899,2,123,38,0,-56,-22,0,1,100,0,378,24,36,24,0,-56,-22,0,0,100,0,378,24,36,24,0,-25,-54,0,0,100,0,661,180,33,31,0,-19,-25,0,0,100,0,697,182,25,23,0,-28,-43,0,0,100,0,546,180,42,33,0,1,-37,0,0,100,0,805,185,34,20,0,2,-22,0,0,100,0,773,207,25,28,0,-30,-19,0,0,100,0,744,209,24,26,0,-24,-51,0,0,100,0,923,290,91,41,0,-10,-26,1,0,100,0,697,182,25,23,0,-6,-112,0,1,50,0,372,175,31,51,0,-12,-107,0,0,100,0,834,173,67,56,0,-6,-112,0,0,100,0,372,175,31,51,0,-81,-138,0,0,100,0,376,60,82,110,0,-81,-139,0,1,100,0,376,60,82,110,0,-97,-79,0,1,50,0,0,57,193,84,0,-97,-79,0,0,90,0,0,57,193,84,0,-29,-6,0,0,100,0,371,6,57,16,0,
0,19,-95,-19,0,0,60,0,899,40,123,37,0,-56,-21,0,1,100,0,378,24,36,24,0,-24,-59,0,0,100,0,661,180,33,31,0,-39,-68,0,0,100,0,679,208,19,31,0,-43,-70,2,1,80,0,721,249,24,81,0,-16,-27,0,0,100,0,699,182,25,23,0,-25,-49,0,0,100,0,587,178,39,33,0,-3,-35,0,0,100,0,805,185,34,20,0,0,-22,0,0,100,0,773,207,25,28,0,-28,-19,0,0,100,0,744,209,24,26,0,-38,-59,0,0,100,0,919,364,95,39,0,-21,-107,0,0,50,0,834,173,67,56,0,-4,-112,0,1,50,0,401,174,31,51,0,-4,-112,0,0,100,0,401,174,31,51,0,-81,-140,0,0,80,0,461,63,82,110,0,-80,-140,0,1,100,0,461,63,82,110,0,-96,-79,0,1,50,0,0,146,193,84,0,-96,-79,0,0,90,0,0,146,193,84,0,-29,-6,0,0,100,0,371,6,57,16,0,
0,22,-86,-113,0,1,100,0,901,402,119,84,0,-108,-18,0,1,60,0,901,76,123,35,0,-101,-18,0,0,60,0,901,76,123,35,0,-56,-21,0,1,100,0,378,24,36,24,0,-24,-57,0,0,100,0,661,180,33,31,0,-40,-61,2,0,80,0,765,291,14,34,0,-39,-66,0,0,100,0,679,208,19,31,0,-15,-26,0,0,100,0,723,183,25,23,0,-26,-48,0,0,100,0,547,179,39,33,0,-6,-34,0,0,100,0,805,185,34,20,0,0,-22,0,0,100,0,773,207,25,28,0,-28,-19,0,0,100,0,744,209,24,26,0,-39,-59,0,0,100,0,923,326,95,39,0,-4,-112,0,1,50,0,401,174,31,51,0,-34,-102,0,1,100,0,834,173,67,56,0,-5,-112,0,0,100,0,429,171,31,51,0,-91,-135,0,0,60,0,543,63,82,110,0,-91,-135,0,1,80,0,543,63,82,110,0,-83,-138,0,1,100,0,543,63,82,110,0,-108,-55,2,1,50,0,901,402,119,84,0,-94,-79,0,0,90,0,0,238,186,84,0,-29,-6,0,0,100,0,371,6,57,16,0,
0,18,-120,-16,0,0,60,0,899,111,123,33,0,-125,-17,0,1,60,0,899,111,123,33,0,-24,-54,0,0,100,0,661,180,33,31,0,-39,-60,0,0,100,0,679,208,19,31,0,-14,-23,0,0,100,0,723,183,25,23,0,-26,-45,0,0,100,0,547,179,39,33,0,-6,-34,0,0,100,0,805,185,34,20,0,0,-22,0,0,100,0,773,207,25,28,0,-28,-19,0,0,100,0,744,209,24,26,0,-39,-59,0,0,100,0,922,289,95,39,0,-26,-56,0,0,100,0,661,0,76,55,0,-59,-100,0,1,100,0,834,173,67,56,0,-157,-75,0,0,70,-90,628,64,82,110,0,-143,-117,0,0,70,0,901,402,119,84,0,-132,-91,0,1,100,-90,628,64,82,110,0,-102,-77,0,1,50,0,189,59,186,84,0,-102,-77,0,0,90,0,189,59,186,84,0,-29,-6,0,0,100,0,371,6,57,16,0,
0,16,-111,-95,0,1,40,0,834,173,67,56,0,-131,-14,0,0,60,0,904,145,118,29,0,-114,-14,0,1,60,0,904,145,118,29,0,-24,-51,0,0,100,0,661,180,33,31,0,-39,-57,0,0,100,0,679,208,19,31,0,-12,-23,0,0,100,0,747,182,25,23,0,-26,-43,0,0,100,0,586,178,39,33,0,-4,-34,0,0,100,0,805,185,34,20,0,0,-22,0,0,100,0,773,207,25,28,0,-28,-19,0,0,100,0,744,209,24,26,0,-36,-53,0,0,100,0,923,362,87,44,0,-153,-78,0,1,40,-90,628,64,82,110,0,-150,-72,0,0,100,0,879,582,145,74,0,-177,-69,0,0,50,-90,628,64,82,110,0,-90,-77,0,0,90,0,198,150,173,84,0,-29,-6,0,0,100,0,371,6,57,16,0,
0,13,-138,-11,0,0,60,0,903,185,118,37,0,-24,-51,0,0,100,0,661,180,33,31,0,-39,-58,0,0,100,0,679,208,19,31,0,-13,-23,0,0,100,0,700,183,25,23,0,-26,-43,0,0,100,0,546,178,39,33,0,-4,-34,0,0,100,0,805,185,34,20,0,0,-22,0,0,100,0,773,207,25,28,0,-28,-19,0,0,100,0,744,209,24,26,0,-36,-53,0,0,100,0,924,288,87,44,0,-35,-53,0,0,100,0,818,0,76,55,0,-181,-67,0,0,100,0,876,493,145,74,0,-91,-78,0,0,90,0,194,235,190,84,0,-29,-6,0,0,100,0,371,6,57,16,0,
0,11,-171,-31,0,0,60,0,899,2,123,38,0,-24,-51,0,0,100,0,661,180,33,31,0,-39,-57,0,0,100,0,679,208,19,31,0,-14,-22,0,0,100,0,722,184,25,23,0,-26,-43,0,0,100,0,546,178,39,33,0,-3,-34,0,0,100,0,805,185,34,20,0,0,-22,0,0,100,0,773,207,25,28,0,-28,-19,0,0,100,0,744,209,24,26,0,-35,-56,0,0,100,0,923,329,93,32,0,-97,-79,0,0,90,0,0,57,193,84,0,-29,-6,0,0,100,0,371,6,57,16,0,
0,29,-153,-26,0,0,30,0,899,40,123,37,0,-24,-51,0,0,100,0,661,180,33,31,0,-39,-57,0,0,100,0,679,208,19,31,0,-12,-23,0,0,100,0,747,181,25,23,0,-25,-42,0,0,100,0,586,178,39,33,0,-3,-34,0,0,100,0,805,185,34,20,0,0,-22,0,0,100,0,773,207,25,28,0,-28,-19,0,0,100,0,744,209,24,26,0,-35,-56,0,0,100,0,919,364,93,38,0,-185,-67,2,1,100,0,901,402,119,84,0,-225,-88,0,1,100,0,382,230,117,93,0,-225,-88,0,0,100,0,382,230,117,93,0,-249,-31,0,0,100,0,279,524,22,24,0,-297,-121,0,1,100,0,225,406,103,101,0,-297,-121,0,0,100,0,225,406,103,101,0,-295,-204,0,1,100,0,629,392,70,160,0,-295,-204,0,0,100,0,629,392,70,160,0,-211,-196,0,1,100,0,533,405,91,146,0,-211,-196,0,0,100,0,533,405,91,146,0,-257,-112,0,1,100,0,430,419,100,115,0,-257,-112,0,0,100,0,430,419,100,115,0,-275,-219,0,0,100,0,390,329,81,85,0,-167,-228,0,0,100,0,390,329,81,85,0,-257,-192,0,1,50,0,390,329,81,85,0,-149,-201,0,1,50,0,390,329,81,85,0,-262,-200,0,0,50,0,390,329,81,85,0,-154,-210,0,0,50,0,390,329,81,85,0,-97,-79,0,0,90,0,0,146,193,84,0,-29,-6,0,0,100,0,371,6,57,16,0,
0,33,-160,-26,0,0,10,0,899,76,123,37,0,-24,-51,0,0,100,0,661,180,33,31,0,-39,-57,0,0,100,0,679,208,19,31,0,-14,-23,0,0,100,0,699,182,25,23,0,-25,-42,0,0,100,0,547,179,39,33,0,-3,-34,0,0,100,0,805,185,34,20,0,0,-22,0,0,100,0,773,207,25,28,0,-28,-19,0,0,100,0,744,209,24,26,0,-30,-56,0,0,100,0,921,289,93,38,0,-267,-111,0,0,100,0,275,505,22,18,0,-196,-161,0,0,100,0,642,250,36,84,0,-185,-67,2,0,70,0,901,402,119,84,0,-276,-103,0,0,100,0,3,326,177,113,0,-316,-210,0,0,100,0,225,406,103,101,0,-322,-273,0,0,100,0,629,392,70,160,0,-232,-257,0,1,30,0,533,405,91,146,0,-232,-257,0,0,30,0,533,405,91,146,0,-236,-259,0,0,100,0,533,405,91,146,0,-309,-299,0,1,50,0,390,329,81,85,0,-197,-302,0,1,50,0,390,329,81,85,0,-303,-289,0,0,100,0,390,329,81,85,0,-192,-290,0,0,100,0,390,329,81,85,0,-298,-280,0,1,100,0,390,329,81,85,0,-187,-282,0,1,60,0,390,329,81,85,0,-280,-227,0,1,50,0,390,329,81,85,0,-172,-236,0,1,50,0,390,329,81,85,0,-285,-235,0,0,50,0,390,329,81,85,0,-177,-245,0,0,50,0,390,329,81,85,0,-261,-154,0,1,80,0,430,419,100,115,0,-265,-155,0,0,60,0,430,419,100,115,0,-281,-173,0,0,100,0,430,419,100,115,0,-93,-78,0,0,90,0,0,238,186,84,0,-29,-6,0,0,100,0,371,6,57,16,0,
0,24,-24,-51,0,0,100,0,661,180,33,31,0,-39,-57,0,0,100,0,679,208,19,31,0,-13,-22,0,0,100,0,723,183,25,23,0,-25,-42,0,0,100,0,586,178,39,33,0,-3,-34,0,0,100,0,805,185,34,20,0,0,-22,0,0,100,0,773,207,25,28,0,-28,-19,0,0,100,0,744,209,24,26,0,-30,-64,0,0,100,0,921,362,93,37,0,-274,-118,0,0,100,0,279,524,22,24,0,-202,-165,0,0,100,0,593,248,47,84,0,-283,-92,0,0,100,0,5,436,193,113,0,-319,-211,0,0,100,0,225,406,103,101,0,-308,-298,0,1,50,0,390,329,81,85,0,-196,-299,0,1,50,0,390,329,81,85,0,-323,-275,0,0,100,0,629,392,70,160,0,-238,-261,0,0,100,0,533,405,91,146,0,-304,-289,0,0,100,0,390,329,81,85,0,-192,-290,0,0,100,0,390,329,81,85,0,-280,-169,0,0,30,0,430,419,100,115,0,-306,-293,0,1,30,0,390,329,81,85,0,-283,-176,0,0,100,0,430,419,100,115,0,-194,-294,0,1,30,0,390,329,81,85,0,-100,-77,0,0,90,0,189,59,186,84,0,-29,-6,0,0,100,0,371,6,57,16,0,
0,22,-24,-51,0,0,100,0,661,180,33,31,0,-39,-57,0,0,100,0,679,208,19,31,0,-12,-23,0,0,100,0,747,181,25,23,0,-25,-42,0,0,100,0,547,179,39,33,0,-1,-34,0,0,100,0,805,185,34,20,0,0,-22,0,0,100,0,773,207,25,28,0,-28,-19,0,0,100,0,744,209,24,26,0,-31,-60,0,0,100,0,925,328,93,32,0,-271,-114,0,0,100,0,275,505,22,18,0,-288,-71,0,0,100,0,0,537,193,82,0,-283,-92,0,0,50,0,5,436,193,113,0,-321,-210,0,0,100,0,225,406,103,101,0,-324,-274,0,0,100,0,629,392,70,160,0,-238,-260,0,0,100,0,533,405,91,146,0,-304,-289,0,0,100,0,390,329,81,85,0,-192,-290,0,0,100,0,390,329,81,85,0,-306,-292,0,1,50,0,390,329,81,85,0,-194,-293,0,1,50,0,390,329,81,85,0,-283,-174,0,0,100,0,430,419,100,115,0,-206,-168,0,0,100,0,503,251,47,84,0,-88,-77,0,0,90,0,197,151,174,84,0,-29,-6,0,0,100,0,371,6,57,16,0,
0,19,-24,-51,0,0,100,0,661,180,33,31,0,-39,-57,0,0,100,0,679,208,19,31,0,-12,-23,0,0,100,0,747,181,25,23,0,-25,-42,0,0,100,0,586,178,39,33,0,-3,-34,0,0,100,0,805,185,34,20,0,0,-22,0,0,100,0,773,207,25,28,0,-28,-19,0,0,100,0,744,209,24,26,0,-31,-61,0,0,100,0,921,286,95,45,0,-296,-37,0,0,100,0,0,622,193,44,0,-288,-71,0,0,40,0,0,537,193,82,0,-323,-206,0,0,100,0,225,406,103,101,0,-325,-272,0,0,100,0,629,392,70,160,0,-239,-258,0,0,100,0,533,405,91,146,0,-305,-287,0,0,100,0,390,329,81,85,0,-193,-288,0,0,100,0,390,329,81,85,0,-284,-172,0,0,100,0,430,419,100,115,0,-209,-160,0,0,100,0,546,254,44,84,0,-89,-78,0,0,90,0,194,235,190,84,0,-29,-6,0,0,100,0,371,6,57,16,0,
0,19,-24,-51,0,0,100,0,661,180,33,31,0,-39,-57,0,0,100,0,679,208,19,31,0,-14,-25,0,0,100,0,699,180,25,23,0,-25,-42,0,0,100,0,547,179,39,33,0,-3,-34,0,0,100,0,805,185,34,20,0,0,-22,0,0,100,0,773,207,25,28,0,-28,-19,0,0,100,0,744,209,24,26,0,-32,-61,0,0,100,0,923,364,89,36,0,-276,-24,0,0,100,0,191,324,128,33,0,-296,-37,0,0,30,0,0,622,193,44,0,-323,-203,0,0,100,0,225,406,103,101,0,-325,-269,0,0,100,0,629,392,70,160,0,-239,-255,0,0,100,0,533,405,91,146,0,-305,-284,0,0,100,0,390,329,81,85,0,-193,-285,0,0,100,0,390,329,81,85,0,-284,-169,0,0,100,0,430,419,100,115,0,-204,-165,0,0,100,0,552,253,36,78,0,-98,-78,0,0,90,0,0,57,193,84,0,-29,-6,0,0,100,0,371,6,57,16,0,
0,21,-24,-51,0,0,100,0,661,180,33,31,0,-39,-57,0,0,100,0,679,208,19,31,0,-14,-24,0,0,100,0,722,181,25,23,0,-25,-42,0,0,100,0,586,178,39,33,0,-3,-34,0,0,100,0,805,185,34,20,0,0,-22,0,0,100,0,773,207,25,28,0,-28,-19,0,0,100,0,744,209,24,26,0,-31,-56,0,0,100,0,927,329,91,38,0,-307,-27,0,0,100,0,185,355,181,44,0,-323,-196,0,0,100,0,225,406,103,101,0,-325,-262,0,0,100,0,629,392,70,160,0,-239,-248,0,0,100,0,533,405,91,146,0,-305,-277,0,1,100,0,390,329,81,85,0,-193,-278,0,1,100,0,390,329,81,85,0,-193,-278,0,1,50,0,390,329,81,85,0,-305,-277,0,1,50,0,390,329,81,85,0,-305,-277,0,0,50,0,390,329,81,85,0,-193,-278,0,0,50,0,390,329,81,85,0,-284,-162,0,0,100,0,430,419,100,115,0,-98,-80,0,0,90,0,0,146,193,84,0,-29,-6,0,0,100,0,371,6,57,16,0,
0,36,-24,-51,0,0,100,0,661,180,33,31,0,-39,-57,0,0,100,0,679,208,19,31,0,-13,-23,0,0,100,0,746,181,25,23,0,-25,-42,0,0,100,0,547,179,39,33,0,-3,-34,0,0,100,0,805,185,34,20,0,0,-22,0,0,100,0,773,207,25,28,0,-28,-19,0,0,100,0,744,209,24,26,0,-26,-53,0,0,100,0,923,290,91,38,0,-307,-165,0,0,100,0,329,417,87,109,0,-318,-177,1,0,100,0,985,754,39,185,0,-185,-177,1,0,100,0,985,754,39,185,0,-344,-177,0,0,100,0,985,754,39,185,0,-211,-177,0,0,100,0,985,754,39,185,0,-306,-109,1,1,100,0,235,769,46,121,0,-173,-110,1,1,100,0,235,769,46,121,0,-362,-110,0,1,100,0,235,769,46,121,0,-228,-109,0,1,100,0,235,769,46,121,0,-318,-224,1,1,100,0,985,754,39,185,0,-185,-223,1,1,100,0,985,754,39,185,0,-344,-224,0,1,100,0,985,754,39,185,0,-211,-223,0,1,100,0,985,754,39,185,0,-209,-218,0,1,100,0,172,794,62,91,0,-338,-222,0,1,100,0,172,794,62,91,0,-306,-181,0,1,60,0,329,417,87,109,0,-334,-257,0,0,100,0,210,635,66,110,0,-209,-213,0,1,70,0,172,794,62,91,0,-204,-258,0,0,100,0,210,635,66,110,0,-213,-85,0,0,70,0,172,794,62,91,0,-209,-213,0,0,70,0,172,794,62,91,0,-342,-85,0,0,70,0,172,794,62,91,0,-338,-213,0,0,70,0,172,794,62,91,0,-295,-149,0,1,100,0,430,419,100,115,0,-295,-149,0,0,80,0,430,419,100,115,0,-296,-162,0,1,100,0,430,419,100,115,0,-95,-75,0,0,90,0,193,62,184,87,0,-29,-6,0,0,100,0,371,6,57,16,0,
0,22,-24,-51,0,0,100,0,661,180,33,31,0,-39,-57,0,0,100,0,679,208,19,31,0,-14,-23,0,0,100,0,699,182,25,23,0,-25,-42,0,0,100,0,586,178,39,33,0,-3,-34,0,0,100,0,805,185,34,20,0,0,-22,0,0,100,0,773,207,25,28,0,-28,-19,0,0,100,0,744,209,24,26,0,-31,-57,0,0,100,0,922,363,91,38,0,-210,-84,0,1,70,0,172,794,62,91,0,-300,-99,0,0,100,0,329,417,87,109,0,-296,-124,0,0,50,0,329,417,87,109,0,-319,-165,1,1,100,0,235,769,46,121,0,-188,-164,1,1,100,0,235,769,46,121,0,-349,-165,0,1,100,0,235,769,46,121,0,-218,-164,0,1,100,0,235,769,46,121,0,-335,-210,0,1,80,0,210,635,66,110,0,-206,-208,0,1,80,0,210,635,66,110,0,-210,-84,0,0,70,0,172,794,62,91,0,-342,-85,0,0,70,0,172,794,62,91,0,-293,-129,0,1,100,0,430,419,100,115,0,-88,-79,0,0,90,0,194,150,181,84,0,-29,-6,0,0,100,0,371,6,57,16,0,
0,18,-24,-51,0,0,100,0,661,180,33,31,0,-39,-57,0,0,100,0,679,208,19,31,0,-14,-23,0,0,100,0,699,182,25,23,0,-25,-42,0,0,100,0,586,178,39,33,0,-3,-34,0,0,100,0,805,185,34,20,0,0,-22,0,0,100,0,773,207,25,28,0,-28,-19,0,0,100,0,744,209,24,26,0,-30,-54,0,0,100,0,922,290,92,38,0,-251,-75,1,0,100,0,961,940,62,81,0,-302,-75,0,0,100,0,961,940,62,81,0,-210,-82,0,1,70,0,172,794,62,91,0,-342,-83,0,1,70,0,172,794,62,91,0,-202,-120,0,0,100,0,181,731,58,66,0,-337,-121,0,0,100,0,181,731,58,66,0,-210,-82,0,0,70,0,172,794,62,91,0,-342,-83,0,0,70,0,172,794,62,91,0,-87,-80,0,0,90,0,192,235,185,84,0,-29,-6,0,0,100,0,371,6,57,16,0,
0,14,-24,-51,0,0,100,0,661,180,33,31,0,-39,-57,0,0,100,0,679,208,19,31,0,-14,-23,0,0,100,0,699,182,25,23,0,-25,-42,0,0,100,0,586,178,39,33,0,-3,-34,0,0,100,0,805,185,34,20,0,0,-22,0,0,100,0,773,207,25,28,0,-28,-19,0,0,100,0,744,209,24,26,0,-31,-56,0,0,100,0,925,328,92,38,0,-227,-64,1,0,100,0,20,885,176,71,0,-460,-64,0,0,100,0,20,885,176,71,0,-260,-327,1,0,100,0,861,688,101,334,0,-352,-327,0,0,100,0,861,688,101,334,0,-90,-81,0,0,90,0,3,55,188,84,0,-29,-6,0,0,100,0,371,6,57,16,0,
0,14,-24,-51,0,0,100,0,661,180,33,31,0,-39,-57,0,0,100,0,679,208,19,31,0,-14,-23,0,0,100,0,699,182,25,23,0,-25,-42,0,0,100,0,586,178,39,33,0,-3,-34,0,0,100,0,805,185,34,20,0,0,-22,0,0,100,0,773,207,25,28,0,-28,-19,0,0,100,0,744,209,24,26,0,-31,-59,0,0,100,0,919,363,92,38,0,-441,-54,0,0,100,0,0,822,162,61,0,-233,-54,1,0,100,0,0,822,162,61,0,-258,-265,1,0,100,0,760,748,101,274,0,-355,-265,0,0,100,0,760,748,101,274,0,-93,-82,0,0,90,0,0,145,178,87,0,-29,-6,0,0,100,0,371,6,57,16,0,
0,14,-24,-51,0,0,100,0,661,180,33,31,0,-39,-57,0,0,100,0,679,208,19,31,0,-14,-23,0,0,100,0,699,182,25,23,0,-25,-42,0,0,100,0,586,178,39,33,0,-3,-34,0,0,100,0,805,185,34,20,0,0,-22,0,0,100,0,773,207,25,28,0,-28,-19,0,0,100,0,744,209,24,26,0,-27,-53,0,0,100,0,923,290,92,38,0,-437,-44,0,0,100,0,0,765,162,61,0,-232,-45,1,0,100,0,0,765,162,61,0,-261,-275,1,0,100,0,650,739,113,285,0,-361,-275,0,0,100,0,650,739,113,285,0,-89,-82,0,0,90,0,0,236,178,87,0,-29,-6,0,0,100,0,371,6,57,16,0,
0,14,-24,-51,0,0,100,0,661,180,33,31,0,-39,-57,0,0,100,0,679,208,19,31,0,-14,-23,0,0,100,0,699,182,25,23,0,-25,-42,0,0,100,0,586,178,39,33,0,-3,-34,0,0,100,0,805,185,34,20,0,0,-22,0,0,100,0,773,207,25,28,0,-28,-19,0,0,100,0,744,209,24,26,0,-27,-53,0,0,100,0,924,327,92,38,0,-449,-43,0,0,100,0,1,713,182,52,0,-244,-43,1,0,100,0,0,713,184,50,0,-258,-262,1,0,100,0,558,753,92,271,0,-344,-262,0,0,100,0,558,753,92,271,0,-84,-80,0,0,90,0,201,57,172,87,0,-29,-6,0,0,100,0,371,6,57,16,0,
0,14,-24,-51,0,0,100,0,661,180,33,31,0,-39,-57,0,0,100,0,679,208,19,31,0,-14,-23,0,0,100,0,699,182,25,23,0,-25,-42,0,0,100,0,586,178,39,33,0,-3,-34,0,0,100,0,805,185,34,20,0,0,-22,0,0,100,0,773,207,25,28,0,-28,-19,0,0,100,0,744,209,24,26,0,-27,-53,0,0,100,0,920,364,92,38,0,-448,-26,0,0,100,0,5,673,101,37,0,-173,-24,1,0,100,0,9,674,100,36,0,-261,-184,1,0,100,0,457,829,97,195,0,-346,-184,0,0,100,0,457,829,97,195,0,-86,-79,0,0,90,0,195,150,178,87,0,-29,-6,0,0,100,0,371,6,57,16,0,
0,14,-24,-51,0,0,100,0,661,180,33,31,0,-39,-57,0,0,100,0,679,208,19,31,0,-14,-23,0,0,100,0,699,182,25,23,0,-25,-42,0,0,100,0,586,178,39,33,0,-3,-34,0,0,100,0,805,185,34,20,0,0,-22,0,0,100,0,773,207,25,28,0,-28,-19,0,0,100,0,744,209,24,26,0,-27,-53,0,0,100,0,924,327,92,38,0,-433,-15,0,0,100,0,112,686,86,22,0,-162,-16,1,0,100,0,112,686,86,22,0,-259,-184,1,0,100,0,352,829,101,195,0,-349,-184,0,0,100,0,352,829,101,195,0,-86,-79,0,0,90,0,192,236,186,87,0,-29,-6,0,0,100,0,371,6,57,16,0,
0,14,-24,-51,0,0,100,0,661,180,33,31,0,-39,-57,0,0,100,0,679,208,19,31,0,-14,-23,0,0,100,0,699,182,25,23,0,-25,-42,0,0,100,0,586,178,39,33,0,-3,-34,0,0,100,0,805,185,34,20,0,0,-22,0,0,100,0,773,207,25,28,0,-28,-19,0,0,100,0,744,209,24,26,0,-27,-53,0,0,100,0,920,362,92,38,0,-340,-16,0,0,30,0,112,686,86,22,0,8,-17,1,0,30,0,112,686,86,22,0,-135,-128,1,0,100,0,230,883,116,141,0,-248,-128,0,0,100,0,230,883,116,141,0,-91,-81,0,0,90,0,3,56,188,87,0,-29,-6,0,0,100,0,371,6,57,16,0,
0,14,-24,-51,0,0,100,0,661,180,33,31,0,-39,-57,0,0,100,0,679,208,19,31,0,-14,-23,0,0,100,0,699,182,25,23,0,-25,-42,0,0,100,0,586,178,39,33,0,-3,-34,0,0,100,0,805,185,34,20,0,0,-22,0,0,100,0,773,207,25,28,0,-28,-19,0,0,100,0,744,209,24,26,0,-27,-53,0,0,100,0,920,362,92,38,0,-342,-15,0,0,10,0,112,686,86,22,0,-4,-16,1,0,10,0,112,686,86,22,0,-138,-44,1,0,40,0,74,969,148,55,0,-279,-44,0,0,40,0,74,969,148,55,0,-91,-81,0,0,90,0,0,146,179,87,0,-29,-6,0,0,100,0,371,6,57,16,0,
