0,2,-44,-90,0,0,100,0,0,0,94,100,0,-37,-11,0,0,100,0,4,374,76,24,0,
0,2,-40,-90,0,0,100,0,93,0,94,100,0,-37,-11,0,0,100,0,4,374,76,24,0,
0,2,-42,-90,0,0,100,0,187,0,94,100,0,-37,-11,0,0,100,0,4,374,76,24,0,
0,2,-42,-90,0,0,100,0,187,0,94,100,0,-37,-11,0,0,100,0,4,374,76,24,0,
0,2,-39,-89,0,0,100,0,372,0,86,100,0,-37,-11,0,0,100,0,4,374,76,24,0,
0,2,-36,-92,0,0,100,0,458,0,86,100,0,-37,-11,0,0,100,0,4,374,76,24,0,
0,2,-33,-106,0,0,100,0,0,100,94,116,0,-37,-11,0,0,100,0,4,374,76,24,0,
0,2,-34,-108,0,0,100,0,93,100,94,116,0,-37,-11,0,0,100,0,4,374,76,24,0,
0,3,-34,-79,0,1,100,0,203,216,110,80,0,-37,-107,0,0,100,0,186,100,94,116,0,-37,-11,0,0,100,0,4,374,76,24,0,
0,3,17,-53,0,1,100,0,574,101,62,56,0,-37,-107,0,0,100,0,186,100,94,116,0,-37,-11,0,0,100,0,4,374,76,24,0,
0,3,-43,-61,0,1,100,0,409,196,130,72,0,-37,-107,0,0,100,0,186,100,94,116,0,-37,-11,0,0,100,0,4,374,76,24,0,
0,3,-39,-67,0,1,100,0,558,211,130,84,0,-37,-107,0,0,100,0,186,100,94,116,0,-37,-11,0,0,100,0,4,374,76,24,0,
0,3,-2,-62,0,1,100,0,0,216,94,72,0,-37,-107,0,0,100,0,186,100,94,116,0,-37,-11,0,0,100,0,4,374,76,24,0,
0,3,-39,-68,0,1,100,0,0,289,134,86,0,-37,-107,0,0,100,0,186,100,94,116,0,-37,-11,0,0,100,0,4,374,76,24,0,
0,3,-31,-56,0,1,100,0,94,216,110,62,0,-37,-107,0,0,100,0,186,100,94,116,0,-37,-11,0,0,100,0,4,374,76,24,0,
0,3,22,-53,0,1,100,0,573,156,54,56,0,-37,-107,0,0,100,0,186,100,94,116,0,-37,-11,0,0,100,0,4,374,76,24,0,
0,3,11,-52,0,1,100,0,627,156,60,56,0,-37,-107,0,0,100,0,186,100,94,116,0,-37,-11,0,0,100,0,4,374,76,24,0,
0,3,24,-51,0,1,100,0,637,100,50,56,0,-37,-107,0,0,100,0,186,100,94,116,0,-37,-11,0,0,100,0,4,374,76,24,0,
0,3,14,-55,0,1,100,0,313,196,48,42,0,-37,-107,0,0,100,0,186,100,94,116,0,-37,-11,0,0,100,0,4,374,76,24,0,
0,2,-37,-107,0,0,100,0,186,100,94,116,0,-37,-11,0,0,100,0,4,374,76,24,0,
0,3,19,-51,0,1,50,0,361,196,48,42,0,-85,-89,0,0,100,0,546,0,142,100,0,-37,-11,0,0,100,0,4,374,76,24,0,
0,4,-91,-77,0,1,50,0,314,243,34,32,0,27,-38,0,1,100,0,361,196,48,42,0,-85,-87,0,0,100,0,280,100,146,96,0,-37,-11,0,0,100,0,4,374,76,24,0,
0,3,-84,-93,0,1,100,0,134,295,148,108,0,-85,-87,0,0,100,0,280,100,146,96,0,-37,-11,0,0,100,0,4,374,76,24,0,
0,4,-91,-77,0,1,100,0,314,243,34,32,0,-65,-53,0,1,100,0,340,268,132,72,0,-85,-87,0,0,100,0,280,100,146,96,0,-37,-11,0,0,100,0,4,374,76,24,0,
0,4,-66,-96,0,1,100,0,275,410,132,114,0,-84,-69,0,1,100,0,257,436,22,24,0,-88,-89,0,0,100,0,427,100,146,96,0,-37,-11,0,0,100,0,4,374,76,24,0,
0,4,-66,-91,0,1,100,0,423,415,122,104,0,-82,-67,0,1,100,0,407,438,20,19,0,-88,-89,0,0,100,0,427,100,146,96,0,-37,-11,0,0,100,0,4,374,76,24,0,
0,4,-92,-70,0,1,100,0,283,325,31,26,0,-61,-53,0,1,100,0,314,341,124,70,0,-85,-87,0,0,100,0,280,100,146,96,0,-37,-11,0,0,100,0,4,374,76,24,0,
0,4,-84,-69,0,1,100,0,538,325,20,24,0,-64,-98,0,1,100,0,558,295,130,116,0,-85,-87,0,0,100,0,280,100,146,96,0,-37,-11,0,0,100,0,4,374,76,24,0,
0,4,-66,-99,0,1,100,0,565,410,123,116,0,-84,-68,0,1,100,0,548,443,22,22,0,-88,-89,0,0,100,0,427,100,146,96,0,-37,-11,0,0,100,0,4,374,76,24,0,
0,4,-91,-74,0,1,100,0,82,375,34,28,0,-69,-45,0,1,100,0,104,404,134,62,0,-88,-89,0,0,100,0,427,100,146,96,0,-37,-11,0,0,100,0,4,374,76,24,0,
0,3,-83,-96,0,1,100,0,104,465,146,112,0,-85,-87,0,0,100,0,280,100,146,96,0,-37,-11,0,0,100,0,4,374,76,24,0,
0,3,-82,-93,0,1,100,0,251,524,144,106,0,-85,-87,0,0,100,0,280,100,146,96,0,-37,-11,0,0,100,0,4,374,76,24,0,
0,4,-85,-68,0,1,100,0,391,531,22,22,0,-62,-77,0,1,100,0,414,523,124,94,0,-88,-89,0,0,100,0,427,100,146,96,0,-37,-11,0,0,100,0,4,374,76,24,0,
0,4,-84,-67,0,1,100,0,541,552,22,20,0,-65,-96,0,1,100,0,560,524,128,116,0,-88,-89,0,0,100,0,427,100,146,96,0,-37,-11,0,0,100,0,4,374,76,24,0,
0,4,-84,-66,0,1,100,0,219,653,22,22,0,-67,-92,0,1,100,0,238,629,134,108,0,-85,-87,0,0,100,0,280,100,146,96,0,-37,-11,0,0,100,0,4,374,76,24,0,
0,4,-90,-73,0,1,100,0,82,375,34,28,0,-70,-47,0,1,100,0,104,403,134,62,0,-85,-87,0,0,100,0,280,100,146,96,0,-37,-11,0,0,100,0,4,374,76,24,0,
0,4,-84,-68,0,1,100,0,104,494,22,22,0,-66,-96,0,1,100,0,121,465,129,112,0,-88,-89,0,0,100,0,427,100,146,96,0,-37,-11,0,0,100,0,4,374,76,24,0,
0,4,-84,-67,0,1,100,0,250,551,22,22,0,-65,-93,0,1,100,0,268,525,127,104,0,-88,-89,0,0,100,0,427,100,146,96,0,-37,-11,0,0,100,0,4,374,76,24,0,
0,4,-83,-65,0,1,100,0,370,641,20,20,0,-62,-67,0,1,100,0,390,639,148,96,0,-85,-87,0,0,100,0,280,100,146,96,0,-37,-11,0,0,100,0,4,374,76,24,0,
0,3,-82,-80,0,1,100,0,538,639,150,98,0,-85,-87,0,0,100,0,280,100,146,96,0,-37,-11,0,0,100,0,4,374,76,24,0,
0,2,-88,-89,0,0,100,0,427,100,146,96,0,-37,-11,0,0,100,0,4,374,76,24,0,
0,2,-34,-108,0,0,100,0,93,100,94,116,0,-37,-11,0,0,100,0,4,374,76,24,0,
0,2,-33,-106,0,0,100,0,0,100,94,116,0,-37,-11,0,0,100,0,4,374,76,24,0,
0,2,-36,-92,0,0,100,0,458,0,86,100,0,-37,-11,0,0,100,0,4,374,76,24,0,
